id,Hardness
10407,3.0
10408,3.0
10409,5.5
10410,4.0
10411,5.0
10412,4.5
10413,4.0
10414,5.0
10415,3.0
10416,5.0
10417,3.5
10418,4.5
10419,6.0
10420,4.5
10421,5.5
10422,5.5
10423,5.0
10424,5.0
10425,5.5
10426,2.0
10427,4.5
10428,5.0
10429,6.0
10430,3.5
10431,4.0
10432,5.5
10433,6.0
10434,5.5
10435,6.0
10436,5.5
10437,5.5
10438,6.0
10439,5.5
10440,4.0
10441,3.0
10442,4.0
10443,2.0
10444,4.0
10445,5.5
10446,3.5
10447,5.5
10448,6.0
10449,4.5
10450,5.5
10451,5.5
10452,3.0
10453,6.5
10454,4.5
10455,3.0
10456,3.0
10457,2.5
10458,9.0
10459,5.5
10460,4.0
10461,6.0
10462,5.0
10463,6.0
10464,6.0
10465,2.5
10466,6.0
10467,6.0
10468,3.0
10469,5.0
10470,5.0
10471,5.5
10472,2.0
10473,6.0
10474,2.5
10475,6.0
10476,4.0
10477,6.0
10478,4.0
10479,4.5
10480,4.0
10481,4.0
10482,6.0
10483,5.5
10484,2.0
10485,4.0
10486,2.5
10487,2.5
10488,5.5
10489,4.5
10490,4.5
10491,6.0
10492,6.5
10493,2.5
10494,3.5
10495,3.5
10496,3.5
10497,5.5
10498,6.0
10499,6.0
10500,4.0
10501,3.0
10502,7.5
10503,6.0
10504,5.5
10505,2.5
10506,3.5
10507,6.0
10508,2.5
10509,3.0
10510,4.0
10511,2.0
10512,5.5
10513,5.0
10514,4.5
10515,3.0
10516,3.5
10517,6.5
10518,4.5
10519,6.0
10520,5.5
10521,4.5
10522,5.5
10523,5.0
10524,3.0
10525,3.5
10526,2.5
10527,5.5
10528,6.0
10529,4.5
10530,3.0
10531,5.0
10532,5.0
10533,5.5
10534,7.0
10535,5.0
10536,4.5
10537,5.0
10538,6.0
10539,5.5
10540,3.0
10541,3.0
10542,4.0
10543,6.0
10544,4.5
10545,5.0
10546,5.5
10547,5.5
10548,5.0
10549,4.5
10550,5.5
10551,5.0
10552,5.0
10553,5.5
10554,3.5
10555,3.0
10556,5.5
10557,6.0
10558,5.5
10559,4.0
10560,2.5
10561,5.0
10562,6.0
10563,3.5
10564,2.5
10565,3.0
10566,3.5
10567,4.0
10568,4.0
10569,5.0
10570,5.5
10571,6.0
10572,6.0
10573,5.5
10574,3.0
10575,4.0
10576,2.0
10577,3.0
10578,5.0
10579,6.0
10580,3.0
10581,6.0
10582,3.5
10583,3.0
10584,5.0
10585,3.0
10586,2.5
10587,5.5
10588,3.0
10589,5.5
10590,3.0
10591,6.0
10592,2.5
10593,5.5
10594,6.0
10595,5.5
10596,4.5
10597,6.0
10598,4.5
10599,5.5
10600,2.5
10601,6.0
10602,4.0
10603,5.5
10604,6.0
10605,3.5
10606,3.0
10607,6.0
10608,5.5
10609,9.5
10610,6.0
10611,5.0
10612,5.5
10613,5.5
10614,6.0
10615,5.5
10616,7.5
10617,6.0
10618,2.5
10619,5.5
10620,6.0
10621,3.5
10622,4.0
10623,5.5
10624,5.5
10625,5.5
10626,3.5
10627,5.5
10628,6.0
10629,5.5
10630,2.5
10631,4.5
10632,3.0
10633,2.5
10634,3.0
10635,3.5
10636,4.5
10637,5.5
10638,2.5
10639,6.0
10640,6.0
10641,4.0
10642,3.0
10643,3.0
10644,4.0
10645,6.0
10646,2.5
10647,6.0
10648,5.5
10649,5.5
10650,3.5
10651,6.0
10652,5.5
10653,5.5
10654,3.5
10655,3.5
10656,5.5
10657,4.5
10658,6.0
10659,5.5
10660,3.5
10661,5.0
10662,4.0
10663,6.0
10664,3.5
10665,5.5
10666,5.0
10667,5.5
10668,5.5
10669,4.5
10670,3.0
10671,3.5
10672,2.5
10673,3.5
10674,3.0
10675,4.5
10676,2.5
10677,3.0
10678,3.5
10679,2.5
10680,6.0
10681,4.0
10682,5.0
10683,4.0
10684,2.5
10685,5.0
10686,4.0
10687,6.0
10688,5.5
10689,5.0
10690,4.5
10691,5.5
10692,5.0
10693,5.5
10694,6.0
10695,3.0
10696,5.5
10697,5.0
10698,3.5
10699,2.0
10700,3.0
10701,5.5
10702,5.5
10703,5.0
10704,3.0
10705,5.5
10706,6.0
10707,6.5
10708,3.5
10709,3.0
10710,5.5
10711,4.5
10712,5.5
10713,2.5
10714,3.0
10715,5.5
10716,5.0
10717,6.0
10718,5.0
10719,5.5
10720,5.5
10721,4.5
10722,2.5
10723,4.5
10724,5.0
10725,2.0
10726,3.0
10727,2.0
10728,3.5
10729,5.0
10730,5.5
10731,5.5
10732,3.5
10733,2.5
10734,5.5
10735,5.5
10736,5.5
10737,5.0
10738,6.0
10739,3.5
10740,2.5
10741,6.0
10742,3.0
10743,4.5
10744,3.5
10745,5.5
10746,4.5
10747,3.0
10748,6.5
10749,4.5
10750,4.5
10751,5.5
10752,4.5
10753,4.0
10754,6.0
10755,6.0
10756,4.0
10757,3.5
10758,4.5
10759,3.0
10760,6.0
10761,5.5
10762,6.0
10763,6.0
10764,5.0
10765,5.0
10766,6.0
10767,5.0
10768,6.0
10769,5.5
10770,6.0
10771,2.5
10772,5.5
10773,3.0
10774,5.5
10775,5.5
10776,4.5
10777,2.5
10778,6.0
10779,5.5
10780,3.5
10781,5.0
10782,6.0
10783,4.5
10784,6.0
10785,6.0
10786,4.5
10787,6.0
10788,6.0
10789,5.0
10790,3.5
10791,4.0
10792,6.0
10793,5.0
10794,5.0
10795,5.5
10796,4.0
10797,5.5
10798,6.0
10799,6.0
10800,3.0
10801,6.0
10802,5.5
10803,4.5
10804,5.5
10805,5.5
10806,6.0
10807,5.5
10808,3.5
10809,3.0
10810,4.0
10811,4.0
10812,4.0
10813,5.0
10814,5.5
10815,2.5
10816,4.5
10817,5.0
10818,4.0
10819,5.5
10820,5.5
10821,2.5
10822,3.0
10823,5.5
10824,5.5
10825,5.5
10826,3.5
10827,5.5
10828,2.5
10829,6.0
10830,5.5
10831,5.5
10832,6.0
10833,6.0
10834,4.5
10835,5.5
10836,4.0
10837,5.0
10838,4.0
10839,3.0
10840,5.5
10841,5.0
10842,6.5
10843,4.5
10844,3.5
10845,4.5
10846,5.0
10847,5.5
10848,3.0
10849,5.5
10850,5.5
10851,3.0
10852,5.0
10853,4.5
10854,6.0
10855,4.0
10856,5.0
10857,6.0
10858,6.0
10859,4.5
10860,6.0
10861,6.0
10862,5.5
10863,4.5
10864,5.5
10865,5.5
10866,5.0
10867,2.0
10868,5.5
10869,4.5
10870,6.0
10871,5.5
10872,4.0
10873,4.0
10874,5.5
10875,6.0
10876,5.5
10877,5.5
10878,6.0
10879,6.0
10880,3.5
10881,6.0
10882,3.5
10883,3.5
10884,3.5
10885,5.0
10886,3.0
10887,4.0
10888,5.5
10889,5.5
10890,5.5
10891,3.5
10892,5.0
10893,2.5
10894,5.5
10895,5.5
10896,2.5
10897,6.0
10898,5.5
10899,3.0
10900,3.5
10901,5.5
10902,4.0
10903,4.0
10904,5.5
10905,5.5
10906,3.0
10907,4.5
10908,6.0
10909,2.5
10910,5.0
10911,5.5
10912,6.0
10913,5.5
10914,4.0
10915,4.0
10916,4.5
10917,6.0
10918,6.0
10919,4.5
10920,5.5
10921,5.5
10922,3.0
10923,4.5
10924,4.5
10925,5.5
10926,5.0
10927,4.5
10928,2.5
10929,4.5
10930,5.5
10931,3.0
10932,5.5
10933,6.0
10934,5.5
10935,5.5
10936,2.5
10937,5.5
10938,4.5
10939,6.0
10940,6.0
10941,2.5
10942,5.5
10943,6.0
10944,3.5
10945,5.0
10946,6.0
10947,4.5
10948,4.5
10949,3.0
10950,3.0
10951,5.5
10952,4.5
10953,3.5
10954,5.0
10955,4.0
10956,6.0
10957,5.5
10958,6.0
10959,5.5
10960,2.5
10961,5.0
10962,3.0
10963,4.0
10964,4.5
10965,5.0
10966,3.5
10967,5.5
10968,5.5
10969,3.0
10970,4.0
10971,5.5
10972,2.0
10973,4.5
10974,5.0
10975,2.5
10976,5.5
10977,5.5
10978,4.0
10979,3.5
10980,6.0
10981,5.5
10982,6.0
10983,3.0
10984,6.0
10985,3.0
10986,5.5
10987,5.0
10988,5.5
10989,4.0
10990,2.0
10991,3.5
10992,5.5
10993,3.0
10994,3.5
10995,3.0
10996,6.5
10997,5.5
10998,4.5
10999,3.5
11000,6.0
11001,6.0
11002,2.5
11003,5.5
11004,5.5
11005,5.0
11006,4.5
11007,5.5
11008,5.0
11009,4.5
11010,5.5
11011,5.5
11012,6.0
11013,5.5
11014,5.0
11015,5.0
11016,6.0
11017,3.5
11018,3.5
11019,3.5
11020,6.0
11021,4.5
11022,6.5
11023,5.5
11024,5.5
11025,4.5
11026,4.0
11027,3.0
11028,5.0
11029,2.5
11030,2.5
11031,5.5
11032,3.0
11033,4.5
11034,3.0
11035,5.5
11036,5.5
11037,5.5
11038,5.5
11039,6.0
11040,6.0
11041,5.5
11042,2.5
11043,3.5
11044,4.0
11045,6.0
11046,2.5
11047,2.0
11048,5.5
11049,5.5
11050,4.5
11051,5.5
11052,3.0
11053,5.5
11054,5.5
11055,5.5
11056,5.0
11057,5.0
11058,6.5
11059,5.5
11060,3.0
11061,4.5
11062,4.5
11063,6.0
11064,4.5
11065,6.0
11066,4.0
11067,3.5
11068,4.5
11069,5.0
11070,5.0
11071,5.5
11072,3.0
11073,5.0
11074,5.5
11075,3.0
11076,3.5
11077,3.0
11078,4.0
11079,5.5
11080,3.0
11081,5.5
11082,5.0
11083,6.0
11084,6.0
11085,5.5
11086,2.0
11087,6.0
11088,2.5
11089,5.5
11090,6.0
11091,3.0
11092,2.5
11093,5.5
11094,4.5
11095,3.0
11096,5.5
11097,2.5
11098,5.0
11099,6.0
11100,5.5
11101,5.0
11102,6.0
11103,4.0
11104,6.0
11105,5.5
11106,5.5
11107,3.5
11108,4.5
11109,6.0
11110,6.0
11111,3.5
11112,5.5
11113,5.0
11114,2.5
11115,5.0
11116,4.5
11117,6.0
11118,6.0
11119,5.5
11120,5.0
11121,5.5
11122,5.0
11123,3.5
11124,5.0
11125,5.0
11126,3.0
11127,6.0
11128,6.0
11129,6.0
11130,4.5
11131,3.0
11132,3.0
11133,3.5
11134,6.0
11135,6.0
11136,5.0
11137,6.5
11138,6.0
11139,5.5
11140,5.5
11141,6.0
11142,6.0
11143,6.0
11144,2.5
11145,4.5
11146,6.0
11147,5.5
11148,3.0
11149,5.0
11150,5.5
11151,5.0
11152,3.0
11153,5.0
11154,4.5
11155,5.5
11156,4.0
11157,3.5
11158,3.0
11159,6.0
11160,3.5
11161,6.0
11162,5.5
11163,6.0
11164,5.5
11165,3.0
11166,4.0
11167,4.5
11168,5.5
11169,4.0
11170,3.5
11171,5.5
11172,5.0
11173,5.0
11174,6.0
11175,5.0
11176,6.0
11177,5.5
11178,4.0
11179,4.5
11180,6.0
11181,5.5
11182,5.0
11183,5.0
11184,6.0
11185,6.0
11186,5.5
11187,3.5
11188,5.0
11189,4.0
11190,5.0
11191,4.5
11192,3.5
11193,5.5
11194,3.5
11195,3.0
11196,5.0
11197,5.0
11198,4.0
11199,3.5
11200,5.5
11201,3.0
11202,5.5
11203,3.0
11204,4.5
11205,6.0
11206,4.5
11207,5.5
11208,5.5
11209,6.0
11210,5.5
11211,5.5
11212,2.0
11213,2.5
11214,3.5
11215,6.0
11216,5.0
11217,6.0
11218,5.5
11219,2.5
11220,3.0
11221,3.0
11222,6.0
11223,3.0
11224,3.5
11225,5.5
11226,5.5
11227,5.5
11228,5.5
11229,4.0
11230,5.5
11231,6.0
11232,2.5
11233,3.5
11234,3.5
11235,3.5
11236,5.5
11237,5.0
11238,2.5
11239,5.5
11240,6.0
11241,5.5
11242,4.5
11243,5.5
11244,6.0
11245,2.5
11246,5.0
11247,2.5
11248,5.0
11249,2.5
11250,4.5
11251,5.5
11252,6.0
11253,6.0
11254,6.0
11255,6.0
11256,6.0
11257,6.0
11258,3.0
11259,6.0
11260,3.5
11261,5.5
11262,4.5
11263,4.5
11264,6.0
11265,6.0
11266,5.5
11267,4.0
11268,3.0
11269,5.0
11270,5.0
11271,5.5
11272,3.0
11273,3.0
11274,3.0
11275,6.0
11276,3.5
11277,3.0
11278,2.5
11279,5.5
11280,3.5
11281,6.0
11282,6.0
11283,4.0
11284,5.5
11285,4.5
11286,5.5
11287,6.0
11288,6.0
11289,3.0
11290,7.5
11291,3.0
11292,4.5
11293,5.0
11294,5.5
11295,6.0
11296,6.0
11297,4.5
11298,6.0
11299,3.5
11300,2.5
11301,4.5
11302,5.5
11303,5.0
11304,5.5
11305,5.5
11306,6.0
11307,6.5
11308,5.5
11309,2.5
11310,5.5
11311,5.5
11312,3.0
11313,5.5
11314,5.5
11315,6.0
11316,2.5
11317,5.5
11318,4.0
11319,2.5
11320,6.0
11321,5.5
11322,5.5
11323,3.5
11324,2.0
11325,4.5
11326,6.0
11327,3.5
11328,5.5
11329,2.0
11330,6.0
11331,5.5
11332,6.0
11333,5.0
11334,6.0
11335,4.0
11336,4.5
11337,5.0
11338,3.5
11339,6.0
11340,6.0
11341,6.0
11342,5.5
11343,4.5
11344,5.5
11345,5.5
11346,6.0
11347,6.0
11348,4.5
11349,4.5
11350,6.0
11351,6.0
11352,3.0
11353,2.5
11354,3.0
11355,2.5
11356,5.0
11357,5.0
11358,5.5
11359,5.0
11360,3.0
11361,6.0
11362,5.0
11363,5.5
11364,2.5
11365,3.0
11366,6.0
11367,1.5
11368,2.5
11369,5.5
11370,2.5
11371,2.5
11372,5.5
11373,3.5
11374,5.5
11375,2.5
11376,6.0
11377,6.0
11378,5.5
11379,4.5
11380,4.5
11381,3.5
11382,3.0
11383,3.5
11384,3.0
11385,5.0
11386,5.5
11387,4.5
11388,5.5
11389,5.5
11390,3.5
11391,4.0
11392,4.0
11393,6.0
11394,5.5
11395,6.0
11396,4.0
11397,6.0
11398,5.5
11399,5.5
11400,6.0
11401,4.5
11402,4.5
11403,5.5
11404,5.5
11405,3.5
11406,5.0
11407,6.0
11408,5.5
11409,3.0
11410,3.5
11411,2.5
11412,5.0
11413,4.0
11414,5.5
11415,5.5
11416,5.5
11417,6.0
11418,6.0
11419,4.5
11420,5.5
11421,5.5
11422,5.5
11423,5.0
11424,3.5
11425,3.5
11426,5.5
11427,4.0
11428,2.5
11429,5.0
11430,5.5
11431,3.0
11432,6.0
11433,3.5
11434,2.0
11435,5.5
11436,3.0
11437,5.5
11438,4.0
11439,5.0
11440,3.5
11441,2.5
11442,3.0
11443,2.0
11444,4.5
11445,4.5
11446,5.0
11447,4.0
11448,5.5
11449,5.5
11450,5.5
11451,4.5
11452,4.0
11453,5.5
11454,4.5
11455,6.0
11456,2.5
11457,4.0
11458,4.5
11459,2.5
11460,5.0
11461,3.0
11462,6.0
11463,5.0
11464,6.0
11465,6.0
11466,5.5
11467,5.5
11468,4.5
11469,6.0
11470,5.5
11471,3.5
11472,3.5
11473,5.5
11474,6.0
11475,3.5
11476,4.5
11477,4.0
11478,6.0
11479,6.0
11480,5.5
11481,6.0
11482,4.0
11483,5.5
11484,3.5
11485,2.5
11486,5.5
11487,5.0
11488,6.0
11489,3.0
11490,4.5
11491,4.5
11492,3.0
11493,4.0
11494,4.5
11495,6.5
11496,3.0
11497,6.5
11498,3.5
11499,2.5
11500,5.5
11501,5.0
11502,4.5
11503,5.0
11504,5.5
11505,3.0
11506,6.5
11507,6.0
11508,6.0
11509,5.5
11510,6.0
11511,5.0
11512,3.0
11513,2.5
11514,6.0
11515,6.0
11516,3.0
11517,2.5
11518,5.0
11519,5.5
11520,5.5
11521,2.5
11522,5.5
11523,5.5
11524,5.5
11525,6.0
11526,5.0
11527,6.0
11528,5.5
11529,5.5
11530,4.5
11531,5.0
11532,4.0
11533,5.0
11534,6.0
11535,3.0
11536,4.0
11537,5.0
11538,5.5
11539,5.5
11540,4.0
11541,3.5
11542,5.0
11543,6.0
11544,4.5
11545,5.5
11546,5.5
11547,5.0
11548,5.5
11549,3.5
11550,6.0
11551,2.0
11552,5.5
11553,6.0
11554,5.0
11555,5.0
11556,6.0
11557,4.0
11558,5.5
11559,5.5
11560,5.5
11561,6.5
11562,6.0
11563,5.5
11564,5.0
11565,5.5
11566,6.0
11567,5.0
11568,6.0
11569,5.5
11570,5.0
11571,5.0
11572,4.0
11573,6.0
11574,4.5
11575,3.5
11576,3.5
11577,5.5
11578,4.5
11579,4.0
11580,3.0
11581,3.5
11582,4.5
11583,3.5
11584,5.5
11585,2.5
11586,6.0
11587,4.0
11588,3.0
11589,5.5
11590,5.5
11591,5.5
11592,6.0
11593,4.5
11594,6.5
11595,5.5
11596,4.5
11597,5.5
11598,5.5
11599,2.5
11600,3.5
11601,4.5
11602,4.0
11603,3.5
11604,2.5
11605,4.5
11606,5.0
11607,6.0
11608,6.0
11609,3.0
11610,5.0
11611,5.5
11612,5.5
11613,6.0
11614,4.5
11615,6.0
11616,3.5
11617,5.5
11618,3.5
11619,6.0
11620,5.5
11621,6.0
11622,6.0
11623,6.0
11624,6.0
11625,4.0
11626,6.0
11627,3.0
11628,3.5
11629,6.0
11630,3.0
11631,3.5
11632,2.5
11633,6.0
11634,6.0
11635,4.0
11636,6.0
11637,5.5
11638,5.0
11639,3.0
11640,3.0
11641,5.5
11642,5.5
11643,2.5
11644,3.0
11645,3.0
11646,5.5
11647,4.0
11648,5.5
11649,5.0
11650,6.0
11651,4.5
11652,5.5
11653,5.5
11654,4.5
11655,3.0
11656,3.0
11657,6.0
11658,6.0
11659,5.0
11660,6.0
11661,5.5
11662,4.5
11663,6.0
11664,2.5
11665,3.0
11666,5.0
11667,4.0
11668,4.0
11669,4.5
11670,5.5
11671,6.0
11672,3.5
11673,6.0
11674,4.0
11675,6.0
11676,3.0
11677,5.5
11678,5.5
11679,4.5
11680,6.0
11681,5.0
11682,4.5
11683,5.0
11684,3.5
11685,3.0
11686,4.5
11687,5.5
11688,4.0
11689,2.5
11690,5.5
11691,2.5
11692,2.5
11693,2.5
11694,6.0
11695,5.0
11696,6.0
11697,3.0
11698,3.5
11699,2.5
11700,5.5
11701,5.5
11702,6.0
11703,5.0
11704,4.5
11705,4.0
11706,5.5
11707,5.0
11708,5.5
11709,3.0
11710,6.0
11711,4.5
11712,5.5
11713,2.5
11714,5.0
11715,5.5
11716,5.0
11717,5.5
11718,3.0
11719,4.0
11720,5.5
11721,8.5
11722,6.0
11723,6.0
11724,5.0
11725,5.5
11726,5.0
11727,5.5
11728,5.5
11729,5.5
11730,4.0
11731,3.5
11732,5.0
11733,4.5
11734,3.0
11735,6.0
11736,4.5
11737,6.0
11738,4.5
11739,4.0
11740,2.5
11741,5.0
11742,5.0
11743,5.5
11744,3.0
11745,3.0
11746,6.0
11747,5.5
11748,5.0
11749,4.5
11750,2.5
11751,3.5
11752,5.5
11753,5.0
11754,5.5
11755,3.5
11756,3.5
11757,6.0
11758,6.0
11759,6.0
11760,6.0
11761,6.0
11762,3.5
11763,6.0
11764,5.5
11765,5.5
11766,4.5
11767,5.0
11768,4.0
11769,4.0
11770,6.0
11771,5.5
11772,6.0
11773,5.0
11774,4.0
11775,5.5
11776,4.5
11777,4.5
11778,5.0
11779,5.5
11780,5.5
11781,2.5
11782,5.0
11783,6.0
11784,5.0
11785,5.5
11786,5.5
11787,4.5
11788,3.0
11789,5.0
11790,5.5
11791,6.0
11792,3.5
11793,3.0
11794,6.0
11795,5.0
11796,6.0
11797,5.0
11798,4.5
11799,5.5
11800,5.5
11801,6.0
11802,5.5
11803,3.5
11804,5.5
11805,5.5
11806,3.5
11807,5.0
11808,5.5
11809,6.0
11810,4.5
11811,3.0
11812,5.5
11813,6.0
11814,3.0
11815,4.0
11816,3.5
11817,6.0
11818,5.5
11819,5.5
11820,5.0
11821,6.0
11822,4.0
11823,3.5
11824,6.0
11825,6.0
11826,5.5
11827,3.0
11828,5.5
11829,3.5
11830,3.5
11831,4.5
11832,2.5
11833,4.5
11834,5.5
11835,2.5
11836,5.0
11837,6.0
11838,5.5
11839,4.0
11840,6.0
11841,3.5
11842,4.0
11843,3.0
11844,5.5
11845,4.0
11846,5.5
11847,3.0
11848,5.5
11849,4.5
11850,5.0
11851,5.5
11852,5.5
11853,4.5
11854,6.0
11855,5.5
11856,3.5
11857,3.0
11858,6.0
11859,4.5
11860,3.0
11861,5.5
11862,5.0
11863,3.0
11864,2.5
11865,5.5
11866,2.5
11867,5.0
11868,6.0
11869,4.5
11870,6.0
11871,5.5
11872,5.0
11873,5.5
11874,4.5
11875,6.0
11876,3.5
11877,5.5
11878,4.0
11879,5.5
11880,5.0
11881,6.0
11882,4.0
11883,5.5
11884,2.0
11885,4.0
11886,6.5
11887,4.0
11888,3.5
11889,5.5
11890,6.0
11891,6.5
11892,3.5
11893,5.5
11894,5.5
11895,5.5
11896,5.5
11897,5.5
11898,5.5
11899,2.5
11900,5.0
11901,4.0
11902,2.5
11903,5.5
11904,3.0
11905,6.5
11906,5.5
11907,6.0
11908,5.5
11909,5.5
11910,6.0
11911,3.0
11912,6.0
11913,3.0
11914,6.0
11915,4.0
11916,6.0
11917,5.0
11918,3.0
11919,5.0
11920,2.5
11921,5.5
11922,3.5
11923,2.5
11924,4.5
11925,5.0
11926,6.5
11927,3.0
11928,5.5
11929,2.5
11930,4.0
11931,4.5
11932,3.0
11933,4.5
11934,6.0
11935,2.5
11936,3.5
11937,3.5
11938,6.0
11939,6.0
11940,5.5
11941,5.5
11942,4.5
11943,3.0
11944,3.5
11945,4.0
11946,5.5
11947,5.5
11948,5.5
11949,3.5
11950,5.0
11951,3.5
11952,6.0
11953,5.5
11954,5.5
11955,4.5
11956,5.5
11957,6.0
11958,5.5
11959,2.5
11960,6.0
11961,3.5
11962,5.5
11963,2.5
11964,3.0
11965,3.5
11966,4.5
11967,5.0
11968,5.0
11969,5.5
11970,3.5
11971,4.0
11972,5.5
11973,5.5
11974,3.5
11975,5.0
11976,3.0
11977,3.5
11978,3.5
11979,2.0
11980,5.5
11981,6.0
11982,5.5
11983,5.5
11984,6.0
11985,5.5
11986,4.5
11987,5.5
11988,5.5
11989,4.0
11990,2.5
11991,3.0
11992,4.5
11993,6.0
11994,3.5
11995,3.0
11996,6.0
11997,4.5
11998,5.5
11999,4.5
12000,4.5
12001,4.0
12002,3.0
12003,6.0
12004,4.5
12005,5.5
12006,6.0
12007,5.5
12008,5.0
12009,2.5
12010,4.0
12011,5.5
12012,2.0
12013,3.0
12014,3.0
12015,5.5
12016,6.0
12017,3.5
12018,5.5
12019,5.5
12020,5.5
12021,5.5
12022,2.5
12023,6.0
12024,4.5
12025,5.5
12026,5.0
12027,6.0
12028,6.0
12029,3.5
12030,5.5
12031,5.5
12032,2.5
12033,5.0
12034,6.0
12035,5.5
12036,3.0
12037,4.5
12038,3.5
12039,5.0
12040,5.5
12041,5.0
12042,3.5
12043,6.0
12044,5.5
12045,2.5
12046,5.5
12047,3.0
12048,6.0
12049,4.0
12050,3.5
12051,5.5
12052,3.0
12053,5.5
12054,4.5
12055,5.5
12056,5.5
12057,4.5
12058,6.5
12059,6.0
12060,5.5
12061,3.5
12062,3.5
12063,5.5
12064,3.0
12065,3.0
12066,3.0
12067,5.0
12068,6.5
12069,3.5
12070,4.5
12071,3.0
12072,4.5
12073,6.5
12074,5.5
12075,6.0
12076,5.5
12077,5.5
12078,6.0
12079,5.0
12080,4.5
12081,5.5
12082,5.5
12083,4.0
12084,5.5
12085,4.0
12086,4.5
12087,3.5
12088,3.5
12089,2.5
12090,5.5
12091,4.5
12092,6.0
12093,3.5
12094,2.5
12095,3.5
12096,3.5
12097,2.0
12098,4.0
12099,2.5
12100,6.0
12101,3.0
12102,5.0
12103,2.5
12104,4.5
12105,4.0
12106,3.0
12107,6.0
12108,3.5
12109,4.5
12110,3.5
12111,4.0
12112,2.5
12113,5.5
12114,3.5
12115,5.0
12116,6.0
12117,3.5
12118,5.5
12119,5.5
12120,4.5
12121,6.0
12122,6.0
12123,2.5
12124,5.0
12125,5.5
12126,6.0
12127,5.5
12128,5.0
12129,6.0
12130,2.5
12131,4.0
12132,5.5
12133,5.5
12134,4.5
12135,4.0
12136,6.0
12137,5.5
12138,4.5
12139,3.5
12140,5.5
12141,6.0
12142,3.5
12143,4.0
12144,5.5
12145,4.5
12146,3.0
12147,5.0
12148,2.5
12149,5.5
12150,4.0
12151,4.0
12152,5.5
12153,5.5
12154,4.5
12155,2.5
12156,5.5
12157,5.5
12158,3.0
12159,5.5
12160,4.5
12161,3.5
12162,4.5
12163,3.5
12164,5.5
12165,4.0
12166,6.0
12167,5.0
12168,5.0
12169,4.5
12170,3.5
12171,5.5
12172,4.0
12173,5.5
12174,5.5
12175,6.0
12176,3.5
12177,5.5
12178,5.5
12179,4.0
12180,6.0
12181,5.0
12182,5.5
12183,5.5
12184,3.0
12185,5.5
12186,3.0
12187,3.0
12188,5.5
12189,4.5
12190,3.0
12191,5.5
12192,2.5
12193,6.0
12194,5.5
12195,6.0
12196,6.0
12197,2.0
12198,5.5
12199,6.0
12200,4.0
12201,5.0
12202,5.5
12203,2.5
12204,3.0
12205,5.5
12206,6.5
12207,3.0
12208,3.5
12209,3.5
12210,3.5
12211,5.5
12212,3.5
12213,4.5
12214,4.0
12215,3.0
12216,5.5
12217,5.5
12218,6.0
12219,5.5
12220,3.5
12221,5.5
12222,3.5
12223,2.5
12224,6.0
12225,5.5
12226,5.5
12227,5.5
12228,5.5
12229,6.0
12230,5.5
12231,4.5
12232,5.0
12233,3.5
12234,3.5
12235,4.5
12236,6.0
12237,2.5
12238,5.5
12239,4.5
12240,3.0
12241,6.0
12242,6.0
12243,6.0
12244,5.0
12245,4.0
12246,4.0
12247,6.0
12248,4.5
12249,5.5
12250,2.5
12251,5.5
12252,2.5
12253,2.5
12254,4.5
12255,6.0
12256,5.5
12257,5.5
12258,3.0
12259,2.5
12260,4.5
12261,6.0
12262,2.5
12263,5.5
12264,2.5
12265,6.0
12266,4.5
12267,3.0
12268,5.5
12269,2.5
12270,6.0
12271,6.0
12272,6.0
12273,5.5
12274,4.0
12275,3.0
12276,3.0
12277,5.5
12278,4.0
12279,6.0
12280,5.0
12281,3.5
12282,3.5
12283,4.0
12284,5.5
12285,5.5
12286,6.5
12287,3.5
12288,5.5
12289,4.0
12290,6.0
12291,3.0
12292,3.0
12293,4.0
12294,3.0
12295,5.5
12296,5.5
12297,4.5
12298,3.5
12299,2.5
12300,2.5
12301,4.0
12302,5.5
12303,4.0
12304,3.0
12305,3.0
12306,3.0
12307,4.5
12308,6.0
12309,5.5
12310,6.0
12311,3.5
12312,5.0
12313,5.5
12314,5.5
12315,5.5
12316,3.5
12317,4.5
12318,3.5
12319,6.0
12320,2.5
12321,6.0
12322,4.5
12323,2.5
12324,3.5
12325,3.0
12326,6.0
12327,5.5
12328,2.5
12329,5.5
12330,6.0
12331,5.0
12332,6.0
12333,3.0
12334,5.5
12335,4.0
12336,6.0
12337,3.0
12338,3.5
12339,6.0
12340,3.0
12341,5.5
12342,5.0
12343,6.0
12344,6.0
12345,5.5
12346,4.0
12347,4.0
12348,6.0
12349,5.5
12350,5.0
12351,5.5
12352,6.0
12353,5.5
12354,5.5
12355,4.5
12356,6.0
12357,4.0
12358,6.0
12359,6.0
12360,4.0
12361,5.5
12362,5.5
12363,5.0
12364,2.0
12365,6.5
12366,4.5
12367,5.5
12368,5.0
12369,2.5
12370,6.5
12371,4.0
12372,5.5
12373,5.5
12374,4.5
12375,5.0
12376,4.0
12377,3.0
12378,4.5
12379,6.0
12380,6.0
12381,6.0
12382,5.5
12383,4.0
12384,7.0
12385,6.0
12386,7.0
12387,6.0
12388,3.5
12389,4.5
12390,5.5
12391,6.0
12392,6.0
12393,4.5
12394,4.0
12395,5.0
12396,6.0
12397,5.0
12398,5.0
12399,6.0
12400,3.5
12401,4.5
12402,3.5
12403,5.0
12404,3.5
12405,4.5
12406,3.5
12407,5.0
12408,5.5
12409,5.5
12410,4.5
12411,6.0
12412,3.5
12413,2.5
12414,3.5
12415,5.5
12416,3.5
12417,6.0
12418,5.5
12419,5.5
12420,6.0
12421,3.5
12422,4.0
12423,4.0
12424,5.5
12425,5.5
12426,5.5
12427,5.5
12428,3.5
12429,5.5
12430,2.5
12431,5.5
12432,5.5
12433,4.0
12434,6.0
12435,2.5
12436,4.5
12437,5.0
12438,4.0
12439,4.5
12440,5.5
12441,4.5
12442,6.0
12443,6.0
12444,4.5
12445,4.0
12446,3.0
12447,3.0
12448,3.5
12449,5.5
12450,5.5
12451,3.5
12452,5.5
12453,5.5
12454,2.5
12455,5.0
12456,5.5
12457,3.5
12458,5.5
12459,3.0
12460,2.0
12461,4.5
12462,5.0
12463,3.5
12464,5.5
12465,2.5
12466,3.5
12467,5.5
12468,5.5
12469,4.5
12470,5.5
12471,2.5
12472,2.5
12473,3.0
12474,4.0
12475,3.5
12476,3.5
12477,2.5
12478,2.0
12479,5.5
12480,4.0
12481,6.0
12482,5.5
12483,4.5
12484,2.0
12485,6.0
12486,3.5
12487,5.5
12488,3.0
12489,6.0
12490,6.0
12491,5.0
12492,5.0
12493,4.5
12494,5.0
12495,2.5
12496,5.0
12497,4.0
12498,3.0
12499,2.5
12500,4.0
12501,3.0
12502,3.5
12503,4.5
12504,5.5
12505,6.0
12506,4.0
12507,4.5
12508,5.0
12509,3.5
12510,6.0
12511,6.0
12512,4.0
12513,5.0
12514,6.0
12515,4.0
12516,5.5
12517,6.0
12518,4.5
12519,4.0
12520,5.5
12521,5.5
12522,5.0
12523,5.5
12524,5.5
12525,2.5
12526,5.5
12527,3.0
12528,5.5
12529,2.0
12530,3.5
12531,5.5
12532,6.0
12533,2.5
12534,6.0
12535,3.5
12536,5.0
12537,5.0
12538,3.5
12539,3.5
12540,2.5
12541,4.0
12542,5.5
12543,5.0
12544,5.5
12545,3.5
12546,5.5
12547,2.5
12548,5.5
12549,4.0
12550,2.5
12551,6.0
12552,5.5
12553,5.5
12554,6.0
12555,5.0
12556,4.0
12557,2.5
12558,5.0
12559,6.5
12560,4.5
12561,6.0
12562,2.5
12563,6.0
12564,3.5
12565,3.5
12566,4.5
12567,4.0
12568,2.5
12569,3.0
12570,4.0
12571,5.0
12572,6.0
12573,4.0
12574,5.5
12575,5.5
12576,3.5
12577,5.5
12578,6.0
12579,5.5
12580,5.0
12581,6.0
12582,3.0
12583,5.5
12584,3.5
12585,5.5
12586,5.0
12587,4.5
12588,5.0
12589,5.5
12590,6.0
12591,5.5
12592,6.0
12593,5.5
12594,3.5
12595,6.0
12596,6.0
12597,4.5
12598,5.0
12599,5.0
12600,5.5
12601,6.0
12602,6.0
12603,3.5
12604,5.0
12605,6.0
12606,5.5
12607,3.0
12608,2.5
12609,2.5
12610,4.5
12611,2.5
12612,4.5
12613,5.5
12614,3.0
12615,5.5
12616,2.0
12617,2.5
12618,5.5
12619,5.5
12620,3.0
12621,3.0
12622,4.5
12623,5.5
12624,5.5
12625,5.5
12626,4.0
12627,3.5
12628,2.5
12629,2.5
12630,2.5
12631,5.5
12632,4.5
12633,4.0
12634,5.0
12635,6.0
12636,3.0
12637,6.0
12638,2.5
12639,5.5
12640,3.5
12641,6.0
12642,6.0
12643,5.0
12644,6.0
12645,5.0
12646,3.5
12647,5.5
12648,4.5
12649,6.0
12650,3.5
12651,6.0
12652,4.0
12653,5.5
12654,6.0
12655,5.5
12656,5.0
12657,5.0
12658,5.0
12659,5.0
12660,4.0
12661,3.5
12662,3.0
12663,4.0
12664,5.5
12665,5.5
12666,6.0
12667,2.5
12668,5.5
12669,4.0
12670,3.5
12671,3.0
12672,5.5
12673,5.0
12674,5.0
12675,5.5
12676,2.5
12677,5.0
12678,3.5
12679,3.0
12680,3.5
12681,3.0
12682,2.5
12683,5.5
12684,5.0
12685,5.0
12686,4.0
12687,4.0
12688,3.5
12689,2.5
12690,2.5
12691,4.0
12692,9.0
12693,5.0
12694,3.5
12695,3.0
12696,5.0
12697,4.5
12698,4.0
12699,5.0
12700,6.0
12701,6.5
12702,4.5
12703,5.5
12704,5.5
12705,2.0
12706,5.5
12707,5.0
12708,5.5
12709,5.0
12710,5.5
12711,4.0
12712,5.0
12713,5.5
12714,5.0
12715,4.5
12716,5.5
12717,3.0
12718,2.5
12719,3.0
12720,6.5
12721,4.5
12722,5.5
12723,3.0
12724,3.0
12725,3.0
12726,5.5
12727,3.0
12728,5.5
12729,2.5
12730,5.5
12731,4.5
12732,6.0
12733,5.5
12734,4.0
12735,6.0
12736,3.5
12737,5.5
12738,3.0
12739,5.5
12740,5.5
12741,5.5
12742,3.0
12743,3.5
12744,5.0
12745,6.0
12746,3.0
12747,5.5
12748,5.5
12749,4.0
12750,3.5
12751,4.5
12752,5.0
12753,5.5
12754,2.5
12755,6.0
12756,5.5
12757,4.5
12758,4.5
12759,5.5
12760,5.5
12761,6.0
12762,3.5
12763,2.5
12764,5.0
12765,2.5
12766,2.5
12767,4.0
12768,5.5
12769,5.0
12770,3.5
12771,5.5
12772,6.0
12773,3.5
12774,5.5
12775,6.0
12776,5.5
12777,5.5
12778,3.0
12779,3.0
12780,4.5
12781,3.0
12782,4.5
12783,2.5
12784,3.5
12785,5.5
12786,2.5
12787,5.0
12788,5.0
12789,2.5
12790,5.5
12791,4.5
12792,2.5
12793,2.5
12794,4.0
12795,5.5
12796,3.0
12797,6.0
12798,4.0
12799,6.0
12800,3.0
12801,5.0
12802,2.5
12803,2.5
12804,5.5
12805,4.5
12806,4.5
12807,4.5
12808,4.0
12809,4.5
12810,3.5
12811,5.5
12812,2.5
12813,5.5
12814,3.5
12815,2.5
12816,6.0
12817,6.0
12818,5.0
12819,5.5
12820,5.5
12821,5.5
12822,4.0
12823,5.5
12824,5.5
12825,5.5
12826,6.0
12827,5.5
12828,4.5
12829,5.5
12830,2.5
12831,5.5
12832,6.0
12833,3.5
12834,4.0
12835,2.5
12836,2.5
12837,4.5
12838,6.0
12839,5.0
12840,5.5
12841,6.0
12842,5.5
12843,4.5
12844,6.0
12845,3.5
12846,5.0
12847,5.0
12848,5.0
12849,5.5
12850,5.5
12851,5.5
12852,4.5
12853,3.5
12854,5.0
12855,4.0
12856,5.5
12857,5.5
12858,5.0
12859,2.0
12860,5.5
12861,4.0
12862,3.0
12863,3.0
12864,4.5
12865,3.0
12866,2.0
12867,3.5
12868,2.5
12869,5.5
12870,4.5
12871,5.5
12872,3.0
12873,2.5
12874,5.0
12875,5.0
12876,4.5
12877,4.5
12878,5.5
12879,6.0
12880,3.5
12881,5.0
12882,4.5
12883,4.0
12884,6.0
12885,5.0
12886,6.0
12887,6.0
12888,5.5
12889,3.5
12890,6.5
12891,5.0
12892,4.5
12893,6.0
12894,5.5
12895,3.5
12896,5.5
12897,4.0
12898,5.0
12899,4.5
12900,5.5
12901,6.0
12902,4.0
12903,3.5
12904,6.0
12905,5.5
12906,2.5
12907,6.0
12908,3.0
12909,6.0
12910,6.0
12911,6.0
12912,2.0
12913,4.5
12914,6.0
12915,5.0
12916,5.5
12917,4.0
12918,3.5
12919,3.5
12920,5.0
12921,3.5
12922,4.5
12923,5.5
12924,5.5
12925,2.5
12926,3.5
12927,3.5
12928,6.0
12929,3.0
12930,5.5
12931,3.0
12932,6.0
12933,4.0
12934,5.5
12935,4.5
12936,6.0
12937,2.5
12938,6.0
12939,6.0
12940,5.5
12941,2.0
12942,4.0
12943,3.5
12944,6.0
12945,3.0
12946,6.0
12947,2.0
12948,4.0
12949,4.5
12950,6.0
12951,5.5
12952,5.0
12953,4.0
12954,6.0
12955,5.5
12956,3.0
12957,5.0
12958,4.5
12959,3.0
12960,3.5
12961,3.0
12962,6.0
12963,4.0
12964,2.5
12965,5.0
12966,6.0
12967,6.5
12968,6.0
12969,3.5
12970,5.0
12971,3.0
12972,3.0
12973,4.5
12974,2.5
12975,5.0
12976,5.5
12977,5.0
12978,3.0
12979,5.0
12980,4.5
12981,6.0
12982,5.0
12983,5.5
12984,2.5
12985,6.0
12986,6.0
12987,4.0
12988,5.5
12989,6.0
12990,2.0
12991,4.0
12992,4.0
12993,3.5
12994,3.0
12995,5.5
12996,3.5
12997,3.5
12998,5.5
12999,4.5
13000,5.0
13001,2.5
13002,3.0
13003,5.0
13004,6.0
13005,3.5
13006,5.0
13007,5.5
13008,3.5
13009,4.0
13010,6.0
13011,4.5
13012,3.5
13013,6.0
13014,2.5
13015,6.0
13016,6.0
13017,4.0
13018,5.5
13019,5.5
13020,5.0
13021,6.0
13022,5.5
13023,5.5
13024,6.0
13025,5.5
13026,2.5
13027,4.5
13028,5.5
13029,5.0
13030,5.5
13031,2.0
13032,4.0
13033,5.5
13034,2.5
13035,4.5
13036,5.5
13037,3.0
13038,6.0
13039,3.0
13040,4.5
13041,4.5
13042,5.0
13043,5.0
13044,5.5
13045,5.5
13046,6.0
13047,2.5
13048,4.5
13049,4.0
13050,5.0
13051,5.5
13052,5.5
13053,6.0
13054,5.0
13055,2.5
13056,4.5
13057,3.0
13058,4.5
13059,2.5
13060,6.0
13061,6.0
13062,6.0
13063,4.0
13064,6.0
13065,5.5
13066,3.5
13067,5.5
13068,5.5
13069,2.0
13070,6.0
13071,4.5
13072,2.5
13073,5.5
13074,5.5
13075,5.0
13076,2.5
13077,4.5
13078,6.0
13079,6.5
13080,3.5
13081,6.0
13082,5.5
13083,6.0
13084,4.5
13085,6.0
13086,5.5
13087,2.5
13088,6.0
13089,5.5
13090,6.5
13091,4.5
13092,5.5
13093,6.0
13094,5.5
13095,5.5
13096,5.5
13097,6.0
13098,4.5
13099,5.5
13100,6.0
13101,6.0
13102,6.0
13103,3.5
13104,5.5
13105,6.0
13106,6.5
13107,2.5
13108,3.5
13109,4.0
13110,5.5
13111,6.0
13112,6.0
13113,5.0
13114,6.0
13115,5.0
13116,5.5
13117,5.5
13118,3.5
13119,5.0
13120,3.5
13121,3.5
13122,3.0
13123,6.0
13124,4.5
13125,2.5
13126,2.5
13127,5.5
13128,4.5
13129,5.5
13130,5.5
13131,6.0
13132,5.5
13133,5.5
13134,4.0
13135,2.5
13136,4.5
13137,4.0
13138,6.0
13139,5.5
13140,4.5
13141,5.5
13142,5.0
13143,4.5
13144,6.0
13145,5.5
13146,5.5
13147,2.5
13148,5.0
13149,5.5
13150,3.0
13151,4.5
13152,3.5
13153,3.0
13154,3.0
13155,4.5
13156,2.0
13157,5.0
13158,4.0
13159,5.5
13160,2.5
13161,5.0
13162,4.5
13163,3.5
13164,3.0
13165,4.5
13166,5.5
13167,4.0
13168,6.0
13169,5.5
13170,5.5
13171,6.0
13172,4.0
13173,3.0
13174,5.5
13175,6.0
13176,4.0
13177,5.0
13178,5.0
13179,5.5
13180,6.0
13181,5.5
13182,5.0
13183,6.0
13184,4.0
13185,6.0
13186,4.0
13187,5.5
13188,5.0
13189,3.5
13190,3.5
13191,4.5
13192,5.0
13193,5.5
13194,3.5
13195,2.5
13196,4.0
13197,6.5
13198,6.0
13199,5.5
13200,3.0
13201,6.0
13202,5.0
13203,5.0
13204,2.5
13205,2.5
13206,3.0
13207,4.5
13208,3.5
13209,6.5
13210,5.5
13211,5.5
13212,4.0
13213,5.0
13214,3.5
13215,6.0
13216,5.5
13217,3.5
13218,2.5
13219,6.0
13220,4.5
13221,5.0
13222,4.5
13223,2.5
13224,6.0
13225,6.0
13226,5.0
13227,5.5
13228,6.0
13229,6.0
13230,6.0
13231,6.0
13232,4.5
13233,5.5
13234,6.0
13235,6.0
13236,5.5
13237,5.5
13238,4.5
13239,5.5
13240,6.0
13241,4.5
13242,6.0
13243,5.5
13244,5.5
13245,5.5
13246,4.0
13247,3.0
13248,3.0
13249,2.5
13250,5.5
13251,3.5
13252,6.0
13253,3.0
13254,3.0
13255,5.5
13256,2.5
13257,3.0
13258,5.0
13259,2.5
13260,4.0
13261,5.5
13262,5.5
13263,3.0
13264,4.5
13265,6.0
13266,6.0
13267,5.5
13268,5.5
13269,4.5
13270,3.5
13271,6.0
13272,3.0
13273,4.5
13274,3.0
13275,4.5
13276,6.0
13277,6.0
13278,5.0
13279,5.0
13280,4.0
13281,5.5
13282,5.5
13283,2.5
13284,4.5
13285,4.5
13286,3.5
13287,5.0
13288,3.0
13289,4.5
13290,6.5
13291,3.0
13292,4.0
13293,4.0
13294,3.5
13295,4.0
13296,5.5
13297,2.5
13298,6.0
13299,3.0
13300,2.5
13301,5.0
13302,5.5
13303,6.0
13304,5.0
13305,6.0
13306,2.5
13307,4.5
13308,4.5
13309,4.5
13310,4.5
13311,4.5
13312,4.0
13313,3.5
13314,5.5
13315,2.5
13316,5.5
13317,6.5
13318,6.0
13319,2.5
13320,5.5
13321,2.5
13322,2.5
13323,2.5
13324,5.0
13325,3.0
13326,3.5
13327,6.0
13328,4.5
13329,5.5
13330,2.5
13331,6.0
13332,4.0
13333,5.5
13334,6.0
13335,5.5
13336,5.5
13337,3.0
13338,3.0
13339,3.0
13340,5.5
13341,4.0
13342,5.5
13343,2.5
13344,5.5
13345,3.0
13346,5.5
13347,3.5
13348,6.0
13349,5.0
13350,5.0
13351,6.0
13352,5.5
13353,4.5
13354,5.5
13355,5.5
13356,2.5
13357,3.5
13358,6.0
13359,4.5
13360,4.5
13361,3.5
13362,2.5
13363,5.0
13364,6.0
13365,5.5
13366,4.0
13367,5.0
13368,6.0
13369,4.0
13370,5.5
13371,6.0
13372,5.0
13373,5.5
13374,6.0
13375,6.5
13376,2.5
13377,4.0
13378,5.5
13379,5.5
13380,5.5
13381,3.5
13382,4.5
13383,5.0
13384,6.0
13385,3.0
13386,3.0
13387,5.5
13388,6.0
13389,4.5
13390,4.5
13391,3.5
13392,4.0
13393,5.0
13394,6.0
13395,5.5
13396,5.0
13397,2.5
13398,4.0
13399,5.0
13400,2.5
13401,5.5
13402,4.5
13403,5.5
13404,6.0
13405,3.0
13406,5.5
13407,4.5
13408,4.5
13409,5.5
13410,6.0
13411,2.0
13412,4.5
13413,2.0
13414,4.0
13415,5.5
13416,3.5
13417,5.5
13418,2.5
13419,5.5
13420,8.5
13421,5.5
13422,5.5
13423,5.5
13424,4.0
13425,2.5
13426,4.0
13427,5.5
13428,5.5
13429,3.5
13430,4.0
13431,3.0
13432,5.0
13433,3.5
13434,5.0
13435,5.0
13436,4.5
13437,3.0
13438,3.5
13439,2.5
13440,4.0
13441,6.5
13442,4.5
13443,6.0
13444,5.0
13445,4.5
13446,3.0
13447,6.0
13448,5.5
13449,5.5
13450,2.0
13451,2.5
13452,6.0
13453,6.0
13454,4.5
13455,5.5
13456,5.5
13457,2.5
13458,4.0
13459,5.5
13460,2.5
13461,5.5
13462,5.5
13463,2.0
13464,6.0
13465,3.5
13466,5.5
13467,5.5
13468,5.5
13469,3.5
13470,4.0
13471,4.5
13472,3.5
13473,4.5
13474,6.0
13475,4.5
13476,2.0
13477,2.5
13478,4.0
13479,4.5
13480,3.0
13481,6.0
13482,4.5
13483,3.5
13484,5.5
13485,5.5
13486,6.0
13487,4.5
13488,3.5
13489,3.0
13490,2.0
13491,4.5
13492,4.0
13493,2.5
13494,5.0
13495,2.5
13496,2.5
13497,3.5
13498,6.0
13499,4.5
13500,5.0
13501,4.0
13502,5.5
13503,6.0
13504,6.0
13505,5.5
13506,5.5
13507,5.5
13508,5.0
13509,5.5
13510,5.5
13511,4.5
13512,5.5
13513,2.5
13514,5.5
13515,3.0
13516,6.0
13517,6.0
13518,5.5
13519,5.5
13520,4.5
13521,6.0
13522,3.0
13523,4.0
13524,6.0
13525,6.0
13526,3.5
13527,5.5
13528,6.0
13529,5.5
13530,5.5
13531,6.0
13532,2.5
13533,3.0
13534,4.0
13535,5.0
13536,3.5
13537,6.0
13538,4.0
13539,5.0
13540,6.0
13541,5.5
13542,5.5
13543,6.0
13544,3.0
13545,6.0
13546,5.5
13547,4.5
13548,4.5
13549,3.5
13550,3.5
13551,6.0
13552,5.5
13553,5.5
13554,6.0
13555,3.0
13556,5.5
13557,5.5
13558,5.0
13559,5.5
13560,4.5
13561,5.5
13562,6.0
13563,5.5
13564,4.5
13565,2.0
13566,4.0
13567,5.0
13568,3.5
13569,5.0
13570,6.0
13571,4.0
13572,5.0
13573,3.5
13574,4.5
13575,5.0
13576,3.0
13577,5.5
13578,3.5
13579,6.0
13580,5.5
13581,2.5
13582,3.0
13583,5.5
13584,4.0
13585,6.5
13586,6.0
13587,3.0
13588,4.5
13589,6.0
13590,5.5
13591,5.5
13592,4.0
13593,5.0
13594,5.0
13595,6.0
13596,5.5
13597,6.0
13598,6.0
13599,6.0
13600,5.5
13601,6.0
13602,5.5
13603,3.0
13604,5.5
13605,6.0
13606,3.5
13607,6.0
13608,4.0
13609,5.5
13610,5.5
13611,4.0
13612,5.5
13613,5.5
13614,6.0
13615,6.0
13616,5.0
13617,3.5
13618,4.5
13619,5.5
13620,4.5
13621,3.5
13622,3.5
13623,3.5
13624,5.5
13625,3.0
13626,5.0
13627,6.5
13628,4.0
13629,3.5
13630,3.0
13631,4.5
13632,3.0
13633,5.5
13634,2.5
13635,3.5
13636,3.0
13637,5.5
13638,5.5
13639,6.0
13640,4.0
13641,4.5
13642,6.0
13643,5.5
13644,4.5
13645,6.0
13646,6.0
13647,5.5
13648,5.0
13649,3.0
13650,3.5
13651,6.0
13652,5.5
13653,3.5
13654,5.0
13655,4.5
13656,6.0
13657,5.5
13658,6.5
13659,4.5
13660,5.0
13661,3.0
13662,4.5
13663,6.0
13664,6.0
13665,4.0
13666,5.0
13667,3.5
13668,6.0
13669,6.0
13670,4.5
13671,4.5
13672,4.5
13673,4.0
13674,4.5
13675,5.0
13676,4.5
13677,5.5
13678,2.5
13679,6.0
13680,6.0
13681,5.5
13682,2.5
13683,3.0
13684,4.0
13685,3.0
13686,6.0
13687,6.0
13688,2.5
13689,3.5
13690,2.5
13691,5.5
13692,5.5
13693,6.0
13694,5.5
13695,3.5
13696,5.5
13697,5.0
13698,5.5
13699,3.0
13700,2.5
13701,6.0
13702,3.0
13703,5.5
13704,5.5
13705,4.0
13706,2.5
13707,3.5
13708,2.5
13709,2.5
13710,2.0
13711,5.5
13712,3.5
13713,6.0
13714,5.5
13715,3.0
13716,9.5
13717,5.5
13718,5.0
13719,5.0
13720,6.5
13721,6.5
13722,6.0
13723,5.0
13724,6.0
13725,2.5
13726,6.0
13727,5.5
13728,3.5
13729,5.5
13730,4.5
13731,3.0
13732,2.5
13733,4.0
13734,4.5
13735,5.5
13736,5.5
13737,5.0
13738,2.5
13739,5.0
13740,5.5
13741,5.5
13742,4.5
13743,6.0
13744,6.0
13745,5.5
13746,5.0
13747,3.0
13748,6.0
13749,6.0
13750,6.0
13751,5.0
13752,5.5
13753,6.0
13754,6.0
13755,5.5
13756,5.5
13757,2.0
13758,3.0
13759,3.5
13760,2.5
13761,5.5
13762,5.0
13763,5.0
13764,7.0
13765,5.5
13766,3.5
13767,3.0
13768,5.5
13769,4.5
13770,5.0
13771,4.5
13772,2.5
13773,3.0
13774,6.0
13775,3.0
13776,3.5
13777,5.5
13778,4.5
13779,3.5
13780,5.5
13781,3.5
13782,2.5
13783,5.0
13784,5.5
13785,5.5
13786,6.0
13787,5.5
13788,5.5
13789,5.0
13790,3.0
13791,4.5
13792,3.0
13793,3.5
13794,5.0
13795,6.0
13796,3.0
13797,6.0
13798,2.5
13799,2.5
13800,2.5
13801,6.0
13802,6.0
13803,5.0
13804,3.0
13805,4.5
13806,4.5
13807,5.5
13808,4.5
13809,5.5
13810,5.5
13811,6.0
13812,5.5
13813,4.5
13814,5.5
13815,3.0
13816,3.5
13817,5.0
13818,6.0
13819,3.0
13820,5.5
13821,2.5
13822,5.5
13823,5.5
13824,5.5
13825,6.0
13826,6.0
13827,4.0
13828,6.0
13829,4.5
13830,5.5
13831,5.5
13832,5.5
13833,5.5
13834,3.5
13835,6.0
13836,6.0
13837,5.0
13838,5.0
13839,2.5
13840,5.5
13841,4.5
13842,5.0
13843,4.0
13844,6.0
13845,3.0
13846,8.5
13847,5.0
13848,4.5
13849,4.0
13850,5.0
13851,3.5
13852,6.0
13853,5.5
13854,5.0
13855,3.5
13856,2.5
13857,5.0
13858,2.5
13859,2.5
13860,5.5
13861,3.0
13862,3.0
13863,2.5
13864,6.0
13865,6.0
13866,6.0
13867,4.0
13868,3.0
13869,6.0
13870,4.5
13871,5.5
13872,6.0
13873,6.0
13874,5.5
13875,5.5
13876,6.0
13877,5.0
13878,3.0
13879,4.5
13880,5.5
13881,3.5
13882,4.5
13883,3.5
13884,5.0
13885,3.5
13886,3.5
13887,5.0
13888,3.0
13889,6.0
13890,6.5
13891,4.5
13892,5.5
13893,5.5
13894,4.5
13895,5.5
13896,5.0
13897,5.5
13898,3.5
13899,4.0
13900,2.5
13901,6.0
13902,5.5
13903,4.0
13904,4.5
13905,4.0
13906,5.5
13907,4.5
13908,2.5
13909,3.0
13910,5.0
13911,6.0
13912,3.0
13913,4.5
13914,6.0
13915,5.5
13916,5.5
13917,3.0
13918,3.0
13919,3.0
13920,5.0
13921,5.5
13922,5.5
13923,3.5
13924,5.5
13925,5.5
13926,5.5
13927,6.0
13928,6.0
13929,3.0
13930,3.0
13931,3.0
13932,5.5
13933,6.0
13934,5.5
13935,2.5
13936,5.0
13937,4.0
13938,2.0
13939,5.5
13940,5.0
13941,3.0
13942,6.0
13943,3.5
13944,4.0
13945,3.0
13946,2.5
13947,5.5
13948,5.0
13949,3.0
13950,2.5
13951,5.5
13952,5.5
13953,4.5
13954,5.5
13955,2.5
13956,3.5
13957,3.5
13958,5.5
13959,3.5
13960,5.5
13961,6.0
13962,5.0
13963,3.5
13964,6.0
13965,6.0
13966,5.5
13967,5.5
13968,2.0
13969,5.5
13970,5.5
13971,5.5
13972,3.5
13973,4.5
13974,6.0
13975,5.5
13976,2.5
13977,6.0
13978,3.5
13979,4.5
13980,4.5
13981,5.0
13982,6.0
13983,4.0
13984,3.5
13985,5.5
13986,2.0
13987,4.0
13988,2.5
13989,5.0
13990,5.5
13991,5.5
13992,5.0
13993,6.0
13994,3.5
13995,5.0
13996,6.0
13997,3.0
13998,6.0
13999,3.0
14000,3.0
14001,4.5
14002,3.0
14003,5.0
14004,5.0
14005,5.5
14006,6.0
14007,2.5
14008,6.5
14009,6.0
14010,6.0
14011,3.0
14012,5.5
14013,6.0
14014,5.5
14015,5.0
14016,2.0
14017,4.0
14018,5.5
14019,3.0
14020,4.0
14021,4.5
14022,2.5
14023,5.5
14024,6.0
14025,5.5
14026,6.0
14027,3.5
14028,6.0
14029,5.5
14030,5.0
14031,5.5
14032,4.5
14033,6.0
14034,5.0
14035,3.5
14036,4.0
14037,4.0
14038,5.0
14039,4.5
14040,4.5
14041,6.0
14042,5.0
14043,3.0
14044,4.0
14045,2.5
14046,2.5
14047,5.5
14048,5.5
14049,5.0
14050,5.0
14051,6.0
14052,2.5
14053,3.0
14054,6.0
14055,4.0
14056,5.5
14057,6.0
14058,3.0
14059,4.5
14060,6.0
14061,4.5
14062,3.5
14063,5.0
14064,4.0
14065,5.5
14066,4.0
14067,5.5
14068,3.0
14069,5.5
14070,3.5
14071,2.5
14072,3.0
14073,2.5
14074,5.5
14075,6.0
14076,6.0
14077,5.5
14078,5.5
14079,5.5
14080,3.5
14081,5.5
14082,2.5
14083,5.5
14084,6.0
14085,5.5
14086,2.5
14087,6.0
14088,3.0
14089,6.0
14090,5.5
14091,3.5
14092,6.0
14093,6.0
14094,4.0
14095,5.5
14096,5.0
14097,2.5
14098,3.5
14099,6.5
14100,2.0
14101,6.0
14102,5.5
14103,5.5
14104,5.5
14105,4.0
14106,3.0
14107,5.0
14108,6.0
14109,4.0
14110,4.5
14111,3.5
14112,5.5
14113,4.5
14114,6.0
14115,3.0
14116,5.5
14117,6.0
14118,3.0
14119,2.5
14120,3.0
14121,5.5
14122,6.0
14123,2.5
14124,5.5
14125,6.0
14126,5.0
14127,4.0
14128,4.5
14129,5.5
14130,5.5
14131,5.5
14132,2.5
14133,3.5
14134,5.5
14135,5.0
14136,2.5
14137,6.0
14138,5.5
14139,5.5
14140,3.0
14141,6.0
14142,3.5
14143,4.0
14144,5.5
14145,2.5
14146,5.5
14147,6.0
14148,5.5
14149,5.5
14150,5.0
14151,2.0
14152,4.0
14153,4.5
14154,3.5
14155,3.0
14156,5.5
14157,5.0
14158,4.5
14159,4.5
14160,6.0
14161,5.0
14162,4.5
14163,5.5
14164,5.5
14165,3.5
14166,3.5
14167,5.5
14168,5.5
14169,2.5
14170,5.5
14171,6.0
14172,5.5
14173,5.0
14174,3.5
14175,3.0
14176,3.5
14177,4.0
14178,4.5
14179,4.0
14180,3.0
14181,6.0
14182,5.0
14183,5.5
14184,3.5
14185,3.5
14186,6.0
14187,4.5
14188,5.0
14189,3.5
14190,5.5
14191,2.0
14192,5.5
14193,5.5
14194,5.5
14195,2.5
14196,5.5
14197,6.0
14198,3.5
14199,5.5
14200,3.5
14201,6.0
14202,6.0
14203,5.0
14204,5.5
14205,5.5
14206,5.5
14207,4.0
14208,2.0
14209,4.5
14210,6.0
14211,5.5
14212,6.5
14213,5.5
14214,6.0
14215,4.5
14216,5.0
14217,4.5
14218,3.0
14219,4.5
14220,6.0
14221,5.5
14222,3.0
14223,6.0
14224,6.0
14225,3.0
14226,5.5
14227,6.0
14228,3.0
14229,5.0
14230,6.0
14231,5.5
14232,4.5
14233,6.0
14234,5.0
14235,5.5
14236,4.5
14237,3.5
14238,4.0
14239,6.0
14240,5.5
14241,5.5
14242,5.5
14243,6.0
14244,6.0
14245,4.5
14246,5.0
14247,5.5
14248,4.5
14249,5.5
14250,3.5
14251,5.5
14252,6.0
14253,4.5
14254,5.5
14255,2.5
14256,2.5
14257,5.0
14258,4.5
14259,6.0
14260,5.0
14261,6.0
14262,2.5
14263,3.5
14264,2.5
14265,6.0
14266,5.5
14267,5.0
14268,2.5
14269,3.5
14270,5.5
14271,4.5
14272,2.5
14273,4.0
14274,2.5
14275,5.5
14276,4.0
14277,3.5
14278,5.5
14279,5.5
14280,6.0
14281,4.5
14282,5.5
14283,3.0
14284,3.5
14285,6.0
14286,2.5
14287,2.5
14288,5.5
14289,5.0
14290,3.0
14291,5.5
14292,3.0
14293,4.0
14294,4.0
14295,4.5
14296,6.0
14297,5.0
14298,6.5
14299,2.5
14300,5.5
14301,5.5
14302,5.5
14303,2.5
14304,3.5
14305,2.5
14306,5.5
14307,6.0
14308,3.0
14309,4.0
14310,5.0
14311,5.5
14312,4.5
14313,6.0
14314,6.0
14315,5.5
14316,5.5
14317,5.5
14318,4.0
14319,2.0
14320,4.0
14321,2.5
14322,6.0
14323,6.0
14324,3.0
14325,2.5
14326,3.0
14327,3.0
14328,5.5
14329,4.5
14330,3.0
14331,6.0
14332,5.5
14333,5.5
14334,5.5
14335,6.0
14336,4.0
14337,4.5
14338,4.0
14339,2.5
14340,3.5
14341,6.5
14342,4.0
14343,3.5
14344,3.5
14345,5.0
14346,6.0
14347,5.0
14348,6.0
14349,5.0
14350,5.0
14351,2.0
14352,4.5
14353,5.5
14354,5.5
14355,5.0
14356,4.5
14357,3.0
14358,5.5
14359,6.0
14360,6.0
14361,5.0
14362,5.0
14363,5.0
14364,5.5
14365,5.5
14366,5.5
14367,4.5
14368,2.5
14369,5.5
14370,6.0
14371,4.0
14372,4.0
14373,6.0
14374,6.0
14375,6.0
14376,5.5
14377,4.5
14378,4.5
14379,5.5
14380,3.0
14381,6.0
14382,2.5
14383,5.0
14384,5.5
14385,3.5
14386,4.0
14387,3.5
14388,6.0
14389,3.5
14390,5.0
14391,6.5
14392,9.0
14393,3.0
14394,6.0
14395,5.0
14396,6.0
14397,6.0
14398,2.5
14399,2.5
14400,4.0
14401,6.5
14402,5.0
14403,6.0
14404,2.5
14405,5.5
14406,6.0
14407,6.0
14408,5.5
14409,5.5
14410,5.5
14411,6.0
14412,4.0
14413,5.5
14414,5.5
14415,6.0
14416,5.5
14417,5.5
14418,2.5
14419,4.0
14420,5.5
14421,5.5
14422,6.0
14423,5.5
14424,2.5
14425,3.0
14426,6.0
14427,2.0
14428,2.5
14429,3.0
14430,5.0
14431,3.5
14432,5.0
14433,4.0
14434,6.0
14435,5.0
14436,6.0
14437,2.5
14438,5.0
14439,6.0
14440,4.5
14441,5.5
14442,4.0
14443,5.0
14444,4.0
14445,3.0
14446,4.5
14447,5.0
14448,3.5
14449,5.5
14450,3.0
14451,5.0
14452,2.5
14453,4.5
14454,6.0
14455,3.0
14456,6.0
14457,5.5
14458,5.5
14459,5.5
14460,5.0
14461,5.5
14462,5.5
14463,3.5
14464,5.5
14465,4.5
14466,5.5
14467,6.0
14468,6.0
14469,5.5
14470,5.5
14471,4.0
14472,5.0
14473,6.0
14474,3.5
14475,6.0
14476,5.5
14477,6.0
14478,6.0
14479,5.5
14480,2.5
14481,5.5
14482,4.5
14483,5.5
14484,6.0
14485,5.5
14486,6.0
14487,4.0
14488,4.0
14489,3.0
14490,3.0
14491,3.0
14492,6.0
14493,5.0
14494,5.5
14495,3.5
14496,5.5
14497,3.5
14498,5.5
14499,5.5
14500,6.0
14501,4.5
14502,5.0
14503,5.0
14504,6.0
14505,4.0
14506,5.5
14507,5.5
14508,5.5
14509,5.5
14510,4.5
14511,5.0
14512,4.5
14513,2.5
14514,5.5
14515,5.0
14516,6.0
14517,3.0
14518,5.5
14519,3.5
14520,3.5
14521,4.0
14522,6.0
14523,2.5
14524,5.0
14525,5.5
14526,5.5
14527,6.0
14528,3.0
14529,5.5
14530,5.0
14531,6.0
14532,4.5
14533,4.0
14534,6.0
14535,2.5
14536,3.5
14537,5.5
14538,4.0
14539,4.5
14540,5.0
14541,5.5
14542,5.5
14543,6.0
14544,5.0
14545,3.5
14546,4.0
14547,2.0
14548,6.0
14549,4.5
14550,5.0
14551,3.5
14552,5.0
14553,5.0
14554,4.0
14555,5.5
14556,3.0
14557,2.0
14558,5.5
14559,4.0
14560,3.5
14561,4.0
14562,6.0
14563,5.0
14564,4.0
14565,5.5
14566,5.5
14567,6.5
14568,2.5
14569,5.5
14570,5.5
14571,5.5
14572,2.5
14573,5.0
14574,5.5
14575,3.0
14576,5.5
14577,5.5
14578,4.0
14579,6.5
14580,5.0
14581,5.5
14582,6.0
14583,4.5
14584,2.5
14585,6.0
14586,5.5
14587,5.5
14588,6.0
14589,5.5
14590,5.0
14591,6.0
14592,6.0
14593,4.0
14594,5.0
14595,3.0
14596,6.0
14597,5.5
14598,3.0
14599,3.5
14600,2.0
14601,4.5
14602,4.5
14603,4.0
14604,5.0
14605,5.5
14606,3.5
14607,6.0
14608,6.0
14609,5.5
14610,5.0
14611,4.0
14612,4.0
14613,5.0
14614,5.0
14615,6.0
14616,2.5
14617,4.0
14618,6.0
14619,5.5
14620,6.5
14621,3.5
14622,2.0
14623,5.0
14624,5.5
14625,5.5
14626,4.0
14627,2.0
14628,6.0
14629,3.0
14630,4.0
14631,3.0
14632,5.5
14633,5.5
14634,5.5
14635,5.5
14636,6.0
14637,2.5
14638,4.5
14639,5.5
14640,2.5
14641,5.5
14642,5.5
14643,6.0
14644,3.0
14645,4.0
14646,5.5
14647,5.5
14648,4.5
14649,2.5
14650,5.5
14651,3.5
14652,4.5
14653,5.0
14654,2.0
14655,5.0
14656,4.5
14657,4.5
14658,3.0
14659,5.0
14660,5.0
14661,2.5
14662,6.0
14663,5.5
14664,6.0
14665,6.0
14666,5.5
14667,5.0
14668,2.0
14669,5.0
14670,4.0
14671,5.5
14672,5.0
14673,4.5
14674,5.5
14675,6.0
14676,4.5
14677,2.5
14678,3.5
14679,5.5
14680,4.0
14681,2.5
14682,5.0
14683,4.5
14684,6.0
14685,4.5
14686,5.5
14687,2.5
14688,4.5
14689,2.5
14690,3.5
14691,2.0
14692,5.5
14693,6.0
14694,4.5
14695,4.5
14696,5.0
14697,5.0
14698,6.0
14699,3.0
14700,2.5
14701,5.5
14702,5.5
14703,3.0
14704,5.5
14705,3.0
14706,5.5
14707,5.5
14708,5.5
14709,5.0
14710,4.0
14711,5.0
14712,5.5
14713,4.5
14714,2.5
14715,3.5
14716,3.5
14717,4.5
14718,4.5
14719,6.0
14720,4.5
14721,4.5
14722,5.5
14723,5.0
14724,5.5
14725,2.5
14726,5.5
14727,3.0
14728,6.5
14729,6.0
14730,3.5
14731,6.0
14732,5.5
14733,5.5
14734,5.0
14735,5.0
14736,4.5
14737,6.0
14738,4.5
14739,5.0
14740,6.0
14741,2.5
14742,6.0
14743,4.5
14744,5.5
14745,2.5
14746,5.0
14747,5.5
14748,3.0
14749,4.5
14750,2.5
14751,2.5
14752,5.5
14753,5.5
14754,3.0
14755,3.5
14756,2.5
14757,4.5
14758,2.0
14759,6.0
14760,4.0
14761,4.5
14762,5.5
14763,6.0
14764,4.5
14765,5.5
14766,6.0
14767,5.5
14768,3.0
14769,5.5
14770,4.5
14771,2.5
14772,6.0
14773,5.0
14774,6.0
14775,5.5
14776,5.5
14777,4.0
14778,6.5
14779,6.0
14780,6.0
14781,5.5
14782,4.5
14783,4.0
14784,6.0
14785,10.0
14786,6.0
14787,5.0
14788,5.5
14789,3.5
14790,6.0
14791,5.5
14792,5.0
14793,5.5
14794,4.5
14795,4.0
14796,3.5
14797,3.0
14798,5.5
14799,5.0
14800,6.0
14801,2.5
14802,6.5
14803,5.5
14804,6.0
14805,4.0
14806,2.5
14807,6.0
14808,5.5
14809,4.5
14810,5.5
14811,3.0
14812,5.5
14813,5.5
14814,5.5
14815,5.0
14816,4.0
14817,5.5
14818,5.0
14819,5.0
14820,6.0
14821,5.0
14822,3.0
14823,4.5
14824,4.0
14825,3.5
14826,5.0
14827,3.0
14828,5.5
14829,4.5
14830,6.0
14831,5.0
14832,5.5
14833,6.0
14834,5.5
14835,2.5
14836,5.5
14837,5.5
14838,5.5
14839,5.5
14840,6.0
14841,5.5
14842,5.5
14843,4.0
14844,5.5
14845,3.0
14846,4.5
14847,4.5
14848,5.0
14849,2.5
14850,5.0
14851,6.0
14852,4.0
14853,5.5
14854,4.5
14855,5.5
14856,6.5
14857,5.5
14858,6.0
14859,4.5
14860,5.5
14861,3.5
14862,6.0
14863,6.0
14864,5.0
14865,3.0
14866,5.0
14867,2.5
14868,6.0
14869,3.0
14870,6.0
14871,4.0
14872,9.0
14873,4.0
14874,5.0
14875,3.0
14876,2.5
14877,6.0
14878,2.5
14879,5.5
14880,5.0
14881,6.0
14882,5.0
14883,5.5
14884,5.5
14885,5.5
14886,5.0
14887,3.5
14888,3.5
14889,6.0
14890,5.5
14891,4.5
14892,3.5
14893,6.0
14894,5.5
14895,3.5
14896,4.5
14897,2.5
14898,5.5
14899,5.0
14900,2.5
14901,4.0
14902,5.0
14903,6.0
14904,5.0
14905,4.5
14906,5.5
14907,4.0
14908,5.5
14909,5.0
14910,6.0
14911,4.5
14912,4.0
14913,5.0
14914,4.0
14915,5.0
14916,2.5
14917,3.5
14918,5.0
14919,5.5
14920,4.0
14921,3.0
14922,5.0
14923,4.5
14924,4.5
14925,6.0
14926,4.5
14927,4.0
14928,3.5
14929,4.5
14930,4.0
14931,2.5
14932,5.0
14933,6.0
14934,6.0
14935,6.0
14936,6.0
14937,5.5
14938,5.0
14939,4.0
14940,4.5
14941,5.0
14942,5.5
14943,5.5
14944,5.0
14945,4.5
14946,6.0
14947,5.0
14948,6.0
14949,3.5
14950,6.0
14951,3.0
14952,5.5
14953,6.0
14954,5.5
14955,5.5
14956,2.5
14957,5.5
14958,5.0
14959,6.0
14960,4.0
14961,5.5
14962,3.5
14963,4.0
14964,2.5
14965,3.5
14966,5.5
14967,6.0
14968,3.0
14969,4.0
14970,7.0
14971,6.0
14972,5.5
14973,2.5
14974,3.5
14975,3.5
14976,4.0
14977,4.5
14978,3.5
14979,6.5
14980,4.0
14981,4.5
14982,2.5
14983,5.5
14984,5.0
14985,5.5
14986,6.0
14987,5.5
14988,6.0
14989,3.5
14990,5.5
14991,5.5
14992,5.5
14993,5.5
14994,4.5
14995,5.5
14996,4.5
14997,5.5
14998,5.0
14999,3.5
15000,5.5
15001,6.0
15002,4.5
15003,6.5
15004,5.5
15005,2.5
15006,6.5
15007,4.5
15008,6.0
15009,5.5
15010,5.5
15011,6.0
15012,4.0
15013,5.0
15014,5.5
15015,3.5
15016,5.5
15017,5.0
15018,3.0
15019,3.0
15020,5.5
15021,6.0
15022,4.5
15023,2.5
15024,4.5
15025,3.0
15026,3.5
15027,6.5
15028,5.5
15029,6.0
15030,5.5
15031,6.0
15032,4.5
15033,5.5
15034,2.5
15035,6.0
15036,2.5
15037,6.0
15038,4.0
15039,3.5
15040,5.5
15041,5.0
15042,3.0
15043,5.0
15044,5.5
15045,5.0
15046,6.0
15047,5.5
15048,6.0
15049,4.0
15050,2.5
15051,3.5
15052,5.5
15053,4.5
15054,6.0
15055,5.0
15056,5.5
15057,3.5
15058,6.0
15059,6.0
15060,3.5
15061,5.5
15062,5.5
15063,5.0
15064,2.0
15065,3.0
15066,6.0
15067,4.5
15068,4.0
15069,6.0
15070,5.0
15071,5.5
15072,6.0
15073,4.5
15074,6.5
15075,4.0
15076,5.5
15077,6.0
15078,5.5
15079,6.0
15080,3.5
15081,5.5
15082,4.5
15083,3.0
15084,6.0
15085,3.0
15086,2.0
15087,4.5
15088,5.5
15089,5.5
15090,5.5
15091,5.5
15092,6.0
15093,6.0
15094,6.0
15095,5.0
15096,4.0
15097,3.5
15098,6.0
15099,5.5
15100,5.5
15101,6.0
15102,6.5
15103,5.5
15104,2.5
15105,5.5
15106,6.0
15107,4.0
15108,4.0
15109,5.5
15110,3.5
15111,5.0
15112,6.0
15113,5.0
15114,5.5
15115,5.0
15116,4.0
15117,5.0
15118,4.5
15119,6.0
15120,4.0
15121,5.5
15122,5.5
15123,2.5
15124,5.5
15125,4.5
15126,2.0
15127,5.0
15128,5.5
15129,4.5
15130,3.5
15131,4.5
15132,5.0
15133,5.5
15134,5.0
15135,4.0
15136,3.0
15137,5.0
15138,5.5
15139,5.5
15140,6.0
15141,4.5
15142,4.5
15143,6.0
15144,5.5
15145,5.5
15146,5.5
15147,3.5
15148,5.5
15149,6.0
15150,6.0
15151,5.5
15152,3.5
15153,5.5
15154,5.5
15155,2.5
15156,4.5
15157,2.0
15158,5.5
15159,5.5
15160,3.0
15161,6.5
15162,3.0
15163,6.0
15164,3.0
15165,6.0
15166,5.5
15167,6.5
15168,5.5
15169,5.5
15170,5.0
15171,5.0
15172,6.0
15173,4.0
15174,5.5
15175,5.5
15176,3.0
15177,4.5
15178,5.0
15179,6.0
15180,4.5
15181,6.0
15182,5.5
15183,6.0
15184,3.0
15185,5.5
15186,6.0
15187,2.5
15188,3.0
15189,5.0
15190,6.0
15191,5.5
15192,6.0
15193,5.5
15194,6.0
15195,5.5
15196,5.5
15197,4.0
15198,5.5
15199,4.0
15200,3.5
15201,2.0
15202,4.0
15203,5.5
15204,3.5
15205,5.0
15206,3.0
15207,5.0
15208,2.5
15209,5.5
15210,6.5
15211,4.5
15212,2.0
15213,4.0
15214,3.5
15215,6.0
15216,5.5
15217,4.5
15218,4.0
15219,4.5
15220,2.5
15221,5.5
15222,6.0
15223,5.5
15224,2.5
15225,5.5
15226,2.5
15227,5.5
15228,5.5
15229,4.5
15230,4.5
15231,4.0
15232,5.0
15233,5.0
15234,4.5
15235,5.5
15236,5.5
15237,4.5
15238,4.0
15239,3.5
15240,4.0
15241,5.5
15242,5.5
15243,3.0
15244,2.5
15245,2.5
15246,5.5
15247,6.0
15248,6.0
15249,6.0
15250,5.5
15251,3.0
15252,5.5
15253,5.0
15254,5.5
15255,5.5
15256,5.5
15257,2.5
15258,5.5
15259,2.5
15260,4.5
15261,6.0
15262,5.0
15263,3.5
15264,6.0
15265,6.0
15266,2.5
15267,6.0
15268,6.0
15269,4.5
15270,6.0
15271,4.5
15272,3.0
15273,2.0
15274,3.0
15275,6.0
15276,4.0
15277,6.0
15278,6.0
15279,6.5
15280,2.5
15281,5.5
15282,6.0
15283,3.0
15284,3.5
15285,2.0
15286,5.5
15287,3.0
15288,5.5
15289,4.0
15290,4.0
15291,6.0
15292,4.0
15293,6.5
15294,5.5
15295,4.5
15296,5.5
15297,6.0
15298,5.5
15299,4.5
15300,4.5
15301,6.0
15302,5.5
15303,5.5
15304,6.0
15305,5.5
15306,4.5
15307,4.5
15308,6.0
15309,6.0
15310,4.5
15311,4.0
15312,6.0
15313,2.5
15314,5.0
15315,6.0
15316,6.0
15317,6.0
15318,2.5
15319,5.5
15320,4.5
15321,6.0
15322,5.5
15323,5.0
15324,4.0
15325,5.5
15326,3.5
15327,5.5
15328,2.5
15329,6.0
15330,6.0
15331,4.5
15332,3.5
15333,6.0
15334,4.0
15335,5.0
15336,5.0
15337,6.0
15338,4.0
15339,6.0
15340,5.5
15341,3.0
15342,4.5
15343,3.5
15344,3.0
15345,5.5
15346,5.0
15347,5.5
15348,3.5
15349,3.0
15350,5.5
15351,5.5
15352,3.5
15353,3.0
15354,2.5
15355,5.5
15356,6.0
15357,3.5
15358,6.0
15359,5.5
15360,5.5
15361,5.5
15362,5.0
15363,6.5
15364,5.5
15365,3.0
15366,3.5
15367,3.0
15368,5.0
15369,6.0
15370,4.5
15371,6.0
15372,5.5
15373,3.5
15374,3.0
15375,2.5
15376,5.5
15377,4.5
15378,2.5
15379,5.5
15380,4.5
15381,2.5
15382,3.5
15383,6.0
15384,6.0
15385,5.5
15386,6.5
15387,4.0
15388,6.0
15389,6.0
15390,4.0
15391,3.0
15392,6.0
15393,6.5
15394,5.0
15395,3.0
15396,5.5
15397,5.0
15398,5.5
15399,4.0
15400,4.5
15401,6.5
15402,5.0
15403,2.0
15404,4.5
15405,5.5
15406,5.5
15407,4.0
15408,3.0
15409,5.0
15410,4.5
15411,3.5
15412,6.0
15413,4.5
15414,3.0
15415,5.5
15416,4.5
15417,3.5
15418,3.0
15419,6.0
15420,5.0
15421,5.5
15422,5.0
15423,2.5
15424,6.0
15425,2.5
15426,5.0
15427,4.5
15428,6.5
15429,3.5
15430,5.5
15431,3.5
15432,2.5
15433,6.0
15434,5.5
15435,4.5
15436,3.0
15437,5.0
15438,5.5
15439,5.0
15440,4.5
15441,4.5
15442,5.5
15443,6.0
15444,2.5
15445,5.0
15446,5.5
15447,5.0
15448,5.5
15449,3.0
15450,3.0
15451,5.5
15452,5.0
15453,5.5
15454,5.0
15455,2.5
15456,5.5
15457,3.0
15458,5.0
15459,5.5
15460,5.5
15461,3.5
15462,6.0
15463,6.0
15464,4.0
15465,3.5
15466,3.5
15467,6.0
15468,4.0
15469,6.0
15470,6.0
15471,3.5
15472,5.5
15473,4.0
15474,3.5
15475,5.5
15476,5.0
15477,6.0
15478,3.0
15479,5.5
15480,5.0
15481,5.0
15482,5.5
15483,6.0
15484,6.5
15485,2.5
15486,5.0
15487,3.0
15488,6.0
15489,5.5
15490,4.0
15491,6.0
15492,6.0
15493,6.0
15494,5.5
15495,6.0
15496,5.0
15497,3.0
15498,5.5
15499,6.0
15500,3.0
15501,5.5
15502,5.0
15503,6.0
15504,6.0
15505,4.5
15506,5.5
15507,5.0
15508,4.5
15509,5.0
15510,3.0
15511,4.5
15512,5.5
15513,6.0
15514,5.5
15515,5.5
15516,5.5
15517,5.5
15518,5.5
15519,6.0
15520,5.5
15521,6.5
15522,4.5
15523,6.0
15524,6.0
15525,3.5
15526,4.0
15527,5.5
15528,6.0
15529,3.0
15530,3.0
15531,5.5
15532,3.0
15533,6.0
15534,5.0
15535,6.0
15536,5.0
15537,6.0
15538,3.0
15539,4.0
15540,3.5
15541,5.5
15542,5.5
15543,3.5
15544,3.0
15545,6.0
15546,5.5
15547,5.0
15548,6.0
15549,4.0
15550,5.5
15551,4.0
15552,6.5
15553,6.0
15554,5.5
15555,5.0
15556,4.0
15557,3.0
15558,4.5
15559,5.0
15560,3.5
15561,4.0
15562,4.5
15563,5.5
15564,3.5
15565,4.0
15566,5.5
15567,6.0
15568,6.0
15569,6.0
15570,5.5
15571,3.0
15572,4.0
15573,4.0
15574,5.5
15575,6.0
15576,6.0
15577,4.5
15578,5.0
15579,3.5
15580,5.5
15581,6.0
15582,5.0
15583,2.0
15584,2.5
15585,6.0
15586,3.5
15587,6.0
15588,5.5
15589,3.0
15590,2.5
15591,4.0
15592,6.0
15593,6.0
15594,5.5
15595,2.5
15596,2.5
15597,6.5
15598,5.5
15599,4.0
15600,5.5
15601,6.0
15602,3.0
15603,2.5
15604,3.5
15605,6.0
15606,5.5
15607,4.0
15608,6.0
15609,5.5
15610,4.5
15611,4.5
15612,5.0
15613,5.0
15614,3.5
15615,2.5
15616,5.0
15617,5.5
15618,6.0
15619,8.5
15620,5.0
15621,4.0
15622,3.5
15623,3.0
15624,5.5
15625,5.5
15626,5.5
15627,3.0
15628,5.5
15629,6.0
15630,5.5
15631,3.5
15632,2.5
15633,3.5
15634,5.0
15635,3.0
15636,4.0
15637,4.0
15638,3.5
15639,3.0
15640,5.5
15641,3.5
15642,4.5
15643,6.0
15644,5.5
15645,4.5
15646,5.5
15647,5.5
15648,4.5
15649,5.0
15650,3.5
15651,3.0
15652,4.5
15653,4.5
15654,3.0
15655,3.0
15656,4.0
15657,3.5
15658,2.0
15659,5.5
15660,5.5
15661,3.5
15662,5.5
15663,5.5
15664,5.5
15665,2.5
15666,5.5
15667,5.5
15668,4.5
15669,3.5
15670,3.0
15671,5.5
15672,5.0
15673,5.5
15674,2.5
15675,5.5
15676,5.5
15677,3.0
15678,5.5
15679,3.5
15680,5.5
15681,6.0
15682,3.5
15683,6.0
15684,3.5
15685,5.5
15686,5.5
15687,5.5
15688,4.0
15689,5.5
15690,3.5
15691,5.5
15692,4.5
15693,2.5
15694,5.0
15695,5.0
15696,6.0
15697,6.0
15698,5.0
15699,5.5
15700,5.5
15701,3.0
15702,4.0
15703,5.5
15704,4.0
15705,5.0
15706,5.0
15707,6.5
15708,5.5
15709,4.5
15710,7.0
15711,4.5
15712,5.0
15713,6.0
15714,4.0
15715,4.5
15716,4.5
15717,5.5
15718,5.5
15719,6.0
15720,6.0
15721,5.0
15722,3.5
15723,6.0
15724,3.5
15725,5.5
15726,6.0
15727,3.5
15728,9.5
15729,6.0
15730,5.0
15731,6.0
15732,5.0
15733,4.5
15734,3.0
15735,5.5
15736,6.0
15737,3.0
15738,5.0
15739,4.0
15740,5.5
15741,2.5
15742,5.5
15743,3.5
15744,5.5
15745,4.0
15746,3.0
15747,7.5
15748,6.0
15749,6.0
15750,4.0
15751,3.0
15752,6.0
15753,4.5
15754,6.0
15755,5.5
15756,6.0
15757,2.5
15758,4.5
15759,5.0
15760,4.5
15761,6.0
15762,3.0
15763,4.5
15764,6.0
15765,6.0
15766,3.0
15767,5.5
15768,5.5
15769,3.5
15770,6.0
15771,3.5
15772,6.0
15773,4.5
15774,2.5
15775,5.0
15776,3.0
15777,2.5
15778,3.0
15779,3.5
15780,5.5
15781,5.5
15782,5.5
15783,6.0
15784,4.0
15785,4.5
15786,5.5
15787,6.5
15788,2.5
15789,4.0
15790,2.5
15791,5.5
15792,6.0
15793,5.5
15794,2.5
15795,3.5
15796,5.5
15797,6.0
15798,5.5
15799,3.5
15800,4.0
15801,6.0
15802,5.5
15803,5.5
15804,3.5
15805,6.0
15806,4.0
15807,6.0
15808,5.5
15809,5.5
15810,6.0
15811,6.0
15812,2.5
15813,5.5
15814,5.5
15815,4.0
15816,3.0
15817,5.0
15818,5.5
15819,5.0
15820,3.5
15821,3.0
15822,4.0
15823,2.5
15824,4.0
15825,4.0
15826,6.0
15827,5.5
15828,4.5
15829,3.0
15830,5.0
15831,5.5
15832,5.5
15833,6.0
15834,4.0
15835,6.5
15836,5.5
15837,5.0
15838,6.0
15839,6.0
15840,6.5
15841,4.0
15842,2.5
15843,5.5
15844,6.0
15845,4.5
15846,5.5
15847,3.0
15848,3.5
15849,4.5
15850,5.5
15851,6.5
15852,5.0
15853,6.0
15854,5.0
15855,5.5
15856,4.5
15857,3.0
15858,5.0
15859,6.0
15860,3.5
15861,3.0
15862,5.5
15863,4.0
15864,5.5
15865,5.0
15866,5.5
15867,4.5
15868,3.5
15869,3.5
15870,5.5
15871,2.5
15872,6.0
15873,5.5
15874,3.5
15875,5.5
15876,5.5
15877,5.0
15878,4.5
15879,2.5
15880,2.5
15881,3.5
15882,5.0
15883,6.0
15884,6.0
15885,5.5
15886,6.0
15887,4.0
15888,6.0
15889,4.5
15890,4.5
15891,4.0
15892,5.0
15893,3.5
15894,5.5
15895,5.0
15896,5.5
15897,6.0
15898,5.5
15899,4.5
15900,5.5
15901,4.0
15902,5.5
15903,5.0
15904,2.0
15905,6.0
15906,5.5
15907,5.5
15908,5.5
15909,5.5
15910,5.5
15911,6.5
15912,2.5
15913,5.5
15914,2.5
15915,3.5
15916,5.0
15917,3.0
15918,3.0
15919,3.5
15920,5.0
15921,3.5
15922,6.0
15923,5.5
15924,4.5
15925,3.0
15926,2.5
15927,5.0
15928,4.0
15929,3.5
15930,5.5
15931,6.0
15932,3.5
15933,2.5
15934,2.0
15935,3.5
15936,3.0
15937,6.5
15938,5.5
15939,5.0
15940,3.5
15941,2.5
15942,5.0
15943,5.0
15944,5.5
15945,6.0
15946,5.5
15947,6.0
15948,4.0
15949,5.5
15950,3.0
15951,4.0
15952,4.0
15953,6.0
15954,5.5
15955,2.5
15956,5.5
15957,5.0
15958,6.0
15959,4.5
15960,6.0
15961,3.0
15962,6.0
15963,5.5
15964,5.5
15965,6.0
15966,2.5
15967,4.0
15968,4.5
15969,5.0
15970,4.5
15971,5.0
15972,5.5
15973,2.5
15974,5.5
15975,4.5
15976,6.0
15977,5.5
15978,5.0
15979,5.5
15980,3.0
15981,5.0
15982,4.5
15983,5.0
15984,5.5
15985,8.5
15986,2.5
15987,4.0
15988,2.5
15989,5.0
15990,4.0
15991,6.0
15992,4.5
15993,3.5
15994,5.5
15995,5.5
15996,3.5
15997,6.0
15998,5.5
15999,4.0
16000,5.5
16001,4.0
16002,6.0
16003,5.0
16004,3.5
16005,5.0
16006,4.0
16007,3.5
16008,5.0
16009,4.5
16010,2.5
16011,5.5
16012,3.0
16013,4.5
16014,5.5
16015,5.0
16016,4.0
16017,4.5
16018,5.5
16019,3.0
16020,5.5
16021,6.0
16022,4.0
16023,6.0
16024,6.5
16025,2.0
16026,4.0
16027,5.5
16028,5.0
16029,2.5
16030,3.5
16031,5.5
16032,3.0
16033,2.5
16034,6.0
16035,5.5
16036,5.0
16037,6.0
16038,6.0
16039,4.0
16040,5.0
16041,4.0
16042,6.0
16043,6.5
16044,6.0
16045,6.0
16046,6.0
16047,5.5
16048,2.5
16049,4.5
16050,2.5
16051,5.0
16052,3.0
16053,4.0
16054,3.0
16055,3.5
16056,5.0
16057,5.5
16058,6.0
16059,2.5
16060,2.0
16061,5.5
16062,2.5
16063,2.5
16064,5.5
16065,6.0
16066,5.5
16067,6.0
16068,5.5
16069,4.0
16070,6.0
16071,5.5
16072,5.0
16073,4.0
16074,2.5
16075,5.0
16076,6.0
16077,5.0
16078,3.5
16079,5.0
16080,5.5
16081,4.5
16082,5.5
16083,2.5
16084,3.5
16085,5.0
16086,5.5
16087,3.5
16088,3.5
16089,2.5
16090,5.5
16091,6.0
16092,4.0
16093,5.5
16094,2.5
16095,6.0
16096,5.5
16097,5.5
16098,4.5
16099,3.0
16100,3.0
16101,3.0
16102,2.5
16103,5.5
16104,4.5
16105,5.0
16106,6.0
16107,5.0
16108,5.5
16109,5.0
16110,6.0
16111,6.5
16112,5.5
16113,6.0
16114,2.5
16115,2.5
16116,6.0
16117,5.5
16118,3.0
16119,5.5
16120,5.5
16121,5.5
16122,5.5
16123,4.5
16124,5.0
16125,5.5
16126,4.0
16127,4.5
16128,3.0
16129,5.0
16130,4.5
16131,5.5
16132,6.0
16133,5.5
16134,5.0
16135,6.0
16136,6.0
16137,5.5
16138,6.0
16139,6.0
16140,6.0
16141,3.0
16142,5.5
16143,5.5
16144,3.5
16145,6.5
16146,6.0
16147,6.0
16148,5.5
16149,2.5
16150,5.0
16151,4.0
16152,4.0
16153,2.5
16154,3.0
16155,4.5
16156,3.5
16157,5.5
16158,6.0
16159,6.0
16160,5.0
16161,5.5
16162,6.0
16163,5.5
16164,2.5
16165,5.0
16166,5.0
16167,6.5
16168,4.0
16169,3.0
16170,6.0
16171,3.0
16172,5.5
16173,6.0
16174,6.0
16175,5.5
16176,3.0
16177,5.0
16178,2.5
16179,3.0
16180,6.0
16181,6.0
16182,5.0
16183,5.5
16184,5.5
16185,5.0
16186,3.0
16187,5.5
16188,3.0
16189,6.0
16190,6.0
16191,3.5
16192,3.5
16193,6.0
16194,4.5
16195,5.5
16196,5.0
16197,5.5
16198,5.5
16199,5.0
16200,6.0
16201,6.0
16202,5.5
16203,6.0
16204,3.0
16205,4.0
16206,5.0
16207,3.0
16208,3.5
16209,5.0
16210,2.5
16211,5.0
16212,6.0
16213,4.5
16214,6.5
16215,3.0
16216,6.0
16217,5.5
16218,3.5
16219,5.5
16220,5.5
16221,5.5
16222,3.0
16223,4.0
16224,6.0
16225,6.0
16226,5.0
16227,3.5
16228,5.5
16229,6.0
16230,3.5
16231,2.5
16232,5.5
16233,6.0
16234,5.5
16235,5.0
16236,2.5
16237,6.0
16238,5.5
16239,5.0
16240,5.5
16241,4.0
16242,2.5
16243,6.0
16244,6.0
16245,4.0
16246,5.5
16247,3.5
16248,3.0
16249,5.5
16250,4.5
16251,3.5
16252,5.0
16253,5.5
16254,3.5
16255,6.0
16256,2.5
16257,2.5
16258,5.0
16259,4.5
16260,5.5
16261,6.0
16262,4.0
16263,3.0
16264,5.0
16265,5.5
16266,4.0
16267,5.5
16268,4.0
16269,4.0
16270,3.5
16271,5.5
16272,6.0
16273,5.0
16274,5.0
16275,5.5
16276,5.0
16277,5.5
16278,5.5
16279,3.0
16280,3.0
16281,4.5
16282,5.0
16283,6.0
16284,3.0
16285,5.5
16286,6.0
16287,2.5
16288,5.5
16289,4.5
16290,2.5
16291,6.0
16292,6.0
16293,4.5
16294,5.0
16295,6.0
16296,5.5
16297,4.5
16298,6.0
16299,5.5
16300,2.5
16301,4.5
16302,5.5
16303,4.0
16304,2.5
16305,2.5
16306,4.5
16307,2.5
16308,2.5
16309,3.0
16310,3.0
16311,5.0
16312,5.5
16313,3.5
16314,2.5
16315,6.0
16316,3.5
16317,6.0
16318,5.5
16319,4.5
16320,4.5
16321,5.5
16322,5.5
16323,6.0
16324,5.5
16325,3.0
16326,2.5
16327,3.5
16328,6.0
16329,5.5
16330,5.5
16331,5.5
16332,5.0
16333,3.0
16334,3.5
16335,4.5
16336,6.0
16337,5.5
16338,4.0
16339,4.0
16340,6.0
16341,5.5
16342,6.0
16343,4.5
16344,5.5
16345,5.5
16346,5.5
16347,5.0
16348,2.5
16349,2.5
16350,4.0
16351,5.0
16352,4.5
16353,6.0
16354,5.5
16355,3.0
16356,6.0
16357,2.5
16358,5.0
16359,6.0
16360,4.5
16361,3.5
16362,5.5
16363,4.5
16364,4.5
16365,5.5
16366,3.5
16367,4.0
16368,5.5
16369,2.5
16370,6.0
16371,4.0
16372,5.0
16373,2.5
16374,5.0
16375,5.0
16376,5.5
16377,5.5
16378,5.5
16379,5.5
16380,4.5
16381,5.5
16382,5.0
16383,4.0
16384,4.0
16385,5.5
16386,4.0
16387,6.0
16388,4.5
16389,3.0
16390,5.5
16391,3.5
16392,5.5
16393,6.0
16394,2.5
16395,2.0
16396,4.0
16397,4.5
16398,3.0
16399,6.0
16400,4.0
16401,6.0
16402,4.5
16403,4.5
16404,3.5
16405,5.5
16406,3.0
16407,3.5
16408,5.5
16409,4.5
16410,5.5
16411,6.0
16412,3.0
16413,5.5
16414,3.5
16415,5.5
16416,6.0
16417,6.0
16418,5.5
16419,4.0
16420,5.5
16421,3.0
16422,5.0
16423,5.5
16424,6.0
16425,3.0
16426,5.0
16427,6.0
16428,2.5
16429,3.0
16430,6.0
16431,3.0
16432,6.0
16433,6.0
16434,5.5
16435,2.5
16436,2.5
16437,6.0
16438,5.5
16439,6.0
16440,6.0
16441,2.5
16442,7.0
16443,3.5
16444,5.0
16445,5.5
16446,3.5
16447,5.5
16448,6.0
16449,3.5
16450,3.0
16451,3.0
16452,6.0
16453,3.0
16454,5.5
16455,3.0
16456,4.5
16457,5.0
16458,6.0
16459,4.5
16460,6.0
16461,4.0
16462,3.0
16463,5.5
16464,5.5
16465,4.0
16466,4.5
16467,5.5
16468,4.0
16469,2.5
16470,2.5
16471,5.5
16472,6.0
16473,5.5
16474,4.5
16475,3.5
16476,4.5
16477,5.0
16478,5.5
16479,6.0
16480,2.5
16481,4.0
16482,6.0
16483,5.5
16484,6.0
16485,5.5
16486,6.0
16487,6.0
16488,6.0
16489,5.0
16490,2.5
16491,6.0
16492,6.0
16493,5.0
16494,6.0
16495,3.0
16496,2.5
16497,5.5
16498,4.0
16499,5.5
16500,4.0
16501,5.0
16502,5.0
16503,5.5
16504,3.5
16505,5.5
16506,6.0
16507,5.5
16508,5.5
16509,5.0
16510,6.5
16511,3.0
16512,6.0
16513,3.0
16514,5.5
16515,3.0
16516,3.5
16517,4.0
16518,5.5
16519,3.5
16520,5.0
16521,4.0
16522,5.5
16523,5.5
16524,5.0
16525,5.5
16526,5.5
16527,5.5
16528,2.0
16529,6.0
16530,4.5
16531,3.0
16532,3.0
16533,6.0
16534,6.0
16535,4.5
16536,4.5
16537,5.5
16538,6.0
16539,5.5
16540,5.5
16541,5.5
16542,5.0
16543,2.5
16544,6.0
16545,3.5
16546,5.5
16547,5.5
16548,5.5
16549,4.5
16550,6.0
16551,2.5
16552,4.5
16553,6.0
16554,6.0
16555,2.5
16556,3.5
16557,3.0
16558,6.0
16559,3.0
16560,3.0
16561,3.5
16562,3.5
16563,3.0
16564,4.0
16565,5.5
16566,5.0
16567,5.0
16568,5.0
16569,2.5
16570,6.0
16571,5.5
16572,4.0
16573,6.0
16574,2.0
16575,5.5
16576,5.5
16577,6.0
16578,3.5
16579,4.0
16580,2.5
16581,5.5
16582,3.5
16583,2.5
16584,3.0
16585,6.0
16586,5.0
16587,5.5
16588,5.5
16589,4.0
16590,6.0
16591,3.0
16592,4.0
16593,5.0
16594,4.5
16595,3.5
16596,4.5
16597,2.5
16598,4.5
16599,5.0
16600,3.0
16601,3.0
16602,5.5
16603,6.5
16604,5.0
16605,6.0
16606,6.0
16607,5.5
16608,5.5
16609,3.0
16610,5.5
16611,3.5
16612,3.0
16613,5.5
16614,2.0
16615,2.5
16616,5.5
16617,3.5
16618,5.5
16619,3.5
16620,3.0
16621,5.0
16622,5.5
16623,5.5
16624,5.5
16625,3.5
16626,4.5
16627,5.5
16628,4.0
16629,5.5
16630,6.0
16631,4.0
16632,3.5
16633,2.5
16634,5.5
16635,5.0
16636,5.5
16637,6.0
16638,5.5
16639,5.5
16640,5.0
16641,4.5
16642,6.0
16643,5.0
16644,6.0
16645,5.0
16646,5.5
16647,5.5
16648,3.5
16649,3.5
16650,4.5
16651,6.0
16652,3.0
16653,4.5
16654,5.5
16655,3.5
16656,2.0
16657,2.5
16658,6.5
16659,5.5
16660,5.5
16661,4.0
16662,5.0
16663,2.5
16664,3.0
16665,5.0
16666,4.0
16667,5.5
16668,5.5
16669,5.5
16670,3.0
16671,3.0
16672,2.5
16673,4.5
16674,4.0
16675,5.0
16676,4.5
16677,6.0
16678,5.0
16679,5.5
16680,6.0
16681,6.0
16682,5.0
16683,3.5
16684,5.0
16685,3.0
16686,5.5
16687,5.5
16688,5.5
16689,5.0
16690,5.5
16691,3.5
16692,3.0
16693,5.5
16694,4.0
16695,5.0
16696,3.5
16697,3.0
16698,5.5
16699,6.0
16700,6.0
16701,5.5
16702,5.5
16703,5.5
16704,5.5
16705,3.0
16706,5.0
16707,5.5
16708,4.0
16709,3.0
16710,5.5
16711,5.5
16712,5.5
16713,5.0
16714,3.0
16715,4.5
16716,3.5
16717,5.0
16718,5.5
16719,5.0
16720,5.5
16721,5.0
16722,6.0
16723,5.5
16724,6.0
16725,3.0
16726,5.5
16727,6.0
16728,5.5
16729,5.0
16730,6.0
16731,3.0
16732,6.0
16733,5.5
16734,4.5
16735,5.0
16736,5.5
16737,3.0
16738,3.0
16739,5.5
16740,2.0
16741,5.0
16742,5.0
16743,5.5
16744,4.0
16745,5.5
16746,2.5
16747,2.5
16748,5.5
16749,5.5
16750,5.5
16751,4.0
16752,4.5
16753,6.0
16754,4.5
16755,5.5
16756,5.5
16757,6.0
16758,2.5
16759,4.5
16760,3.0
16761,3.0
16762,4.5
16763,6.0
16764,4.0
16765,3.0
16766,5.5
16767,6.0
16768,2.5
16769,4.0
16770,3.5
16771,2.5
16772,4.5
16773,6.0
16774,6.0
16775,4.5
16776,5.0
16777,5.5
16778,4.0
16779,5.5
16780,6.0
16781,5.5
16782,3.5
16783,5.0
16784,6.0
16785,5.5
16786,3.5
16787,5.5
16788,4.0
16789,3.0
16790,3.5
16791,6.0
16792,2.0
16793,3.5
16794,5.0
16795,6.0
16796,3.0
16797,6.0
16798,5.0
16799,5.5
16800,3.5
16801,6.0
16802,5.0
16803,4.0
16804,4.0
16805,4.5
16806,5.5
16807,3.5
16808,5.0
16809,6.0
16810,5.5
16811,5.0
16812,5.5
16813,6.0
16814,2.5
16815,3.0
16816,6.0
16817,4.5
16818,6.0
16819,4.5
16820,5.0
16821,4.0
16822,4.5
16823,4.5
16824,5.0
16825,6.0
16826,5.5
16827,4.5
16828,3.5
16829,4.0
16830,5.5
16831,5.0
16832,3.0
16833,4.5
16834,3.5
16835,4.5
16836,5.5
16837,3.0
16838,4.0
16839,4.5
16840,3.0
16841,6.0
16842,6.0
16843,6.0
16844,5.5
16845,5.5
16846,3.0
16847,5.0
16848,6.0
16849,4.0
16850,5.5
16851,4.0
16852,4.0
16853,3.0
16854,3.0
16855,3.0
16856,6.0
16857,6.0
16858,6.0
16859,2.5
16860,2.5
16861,2.5
16862,5.5
16863,3.5
16864,4.5
16865,6.0
16866,2.5
16867,3.5
16868,5.5
16869,6.0
16870,6.0
16871,2.5
16872,4.5
16873,4.0
16874,6.0
16875,3.5
16876,6.0
16877,5.0
16878,5.5
16879,4.0
16880,6.0
16881,6.5
16882,4.5
16883,6.0
16884,2.5
16885,6.0
16886,5.5
16887,4.5
16888,6.0
16889,5.5
16890,5.5
16891,5.5
16892,4.5
16893,4.5
16894,3.5
16895,2.5
16896,6.0
16897,6.0
16898,3.0
16899,2.5
16900,5.5
16901,6.0
16902,5.0
16903,3.0
16904,4.0
16905,3.5
16906,5.5
16907,6.0
16908,3.5
16909,4.5
16910,3.5
16911,2.5
16912,4.5
16913,5.5
16914,6.0
16915,5.0
16916,4.0
16917,5.5
16918,6.0
16919,4.5
16920,4.0
16921,2.5
16922,6.0
16923,5.0
16924,6.0
16925,6.0
16926,3.0
16927,4.0
16928,3.5
16929,6.0
16930,4.0
16931,5.0
16932,5.0
16933,5.5
16934,5.0
16935,5.5
16936,5.0
16937,6.5
16938,5.5
16939,6.0
16940,5.5
16941,6.0
16942,5.5
16943,2.5
16944,6.0
16945,5.5
16946,5.5
16947,5.5
16948,6.0
16949,3.5
16950,4.0
16951,5.5
16952,3.5
16953,2.5
16954,5.0
16955,5.5
16956,5.5
16957,3.5
16958,2.5
16959,4.0
16960,5.5
16961,5.0
16962,4.0
16963,5.5
16964,2.5
16965,6.0
16966,5.0
16967,5.0
16968,5.0
16969,6.0
16970,6.0
16971,5.0
16972,5.5
16973,5.5
16974,4.5
16975,5.0
16976,2.5
16977,5.5
16978,2.5
16979,6.0
16980,5.0
16981,3.0
16982,5.5
16983,6.0
16984,3.5
16985,6.0
16986,5.5
16987,4.0
16988,2.5
16989,3.0
16990,6.0
16991,2.5
16992,5.5
16993,6.0
16994,5.5
16995,5.5
16996,5.0
16997,4.5
16998,9.5
16999,5.5
17000,2.5
17001,5.0
17002,6.0
17003,4.5
17004,5.5
17005,3.5
17006,5.0
17007,3.0
17008,2.5
17009,5.0
17010,5.5
17011,5.0
17012,2.5
17013,3.5
17014,5.5
17015,5.5
17016,5.5
17017,5.0
17018,3.5
17019,5.0
17020,5.5
17021,5.5
17022,6.0
17023,4.5
17024,5.5
17025,6.0
17026,2.0
17027,2.5
17028,3.0
17029,5.5
17030,4.0
17031,5.0
17032,5.0
17033,4.5
17034,2.5
17035,5.5
17036,6.0
17037,4.0
17038,5.5
17039,4.0
17040,4.0
17041,5.5
17042,5.5
17043,6.0
17044,3.0
17045,3.0
17046,6.5
17047,5.5
17048,3.0
17049,4.5
17050,5.5
17051,6.0
17052,5.5
17053,3.5
17054,6.0
17055,5.5
17056,5.0
17057,5.0
17058,3.0
17059,3.5
17060,6.5
17061,6.0
17062,4.0
17063,6.5
17064,5.5
17065,3.0
17066,2.5
17067,5.5
17068,4.5
17069,3.0
17070,5.5
17071,5.0
17072,4.5
17073,5.5
17074,6.0
17075,5.0
17076,5.0
17077,3.5
17078,4.0
17079,6.5
17080,4.0
17081,5.5
17082,5.0
17083,3.0
17084,3.5
17085,3.5
17086,2.5
17087,6.0
17088,4.0
17089,4.0
17090,6.0
17091,5.0
17092,4.5
17093,3.5
17094,5.5
17095,3.5
17096,3.5
17097,5.0
17098,5.5
17099,3.0
17100,2.0
17101,3.0
17102,5.5
17103,6.0
17104,2.5
17105,3.0
17106,4.5
17107,3.5
17108,4.0
17109,5.5
17110,5.0
17111,3.5
17112,4.5
17113,4.5
17114,4.5
17115,5.5
17116,5.0
17117,3.5
17118,6.0
17119,4.0
17120,6.0
17121,4.0
17122,4.0
17123,6.5
17124,5.5
17125,3.0
17126,5.5
17127,3.0
17128,5.5
17129,5.0
17130,3.5
17131,6.0
17132,5.0
17133,5.5
17134,5.5
17135,4.5
17136,4.0
17137,2.0
17138,3.5
17139,3.5
17140,3.0
17141,5.5
17142,5.0
17143,5.5
17144,4.0
17145,4.0
17146,6.0
17147,5.5
17148,4.5
17149,3.5
17150,6.0
17151,3.5
17152,6.0
17153,3.0
17154,3.0
17155,5.5
17156,5.0
17157,3.0
17158,5.0
17159,3.5
17160,5.5
17161,2.5
17162,6.0
17163,6.0
17164,4.5
17165,5.5
17166,6.0
17167,5.0
17168,6.0
17169,5.5
17170,4.5
17171,6.0
17172,5.5
17173,2.5
17174,2.5
17175,5.0
17176,4.0
17177,6.0
17178,4.0
17179,3.5
17180,4.0
17181,5.0
17182,3.5
17183,6.0
17184,6.0
17185,6.0
17186,6.0
17187,5.5
17188,5.0
17189,6.0
17190,5.0
17191,4.5
17192,6.0
17193,5.0
17194,5.5
17195,3.5
17196,2.0
17197,6.5
17198,4.5
17199,5.0
17200,5.5
17201,3.0
17202,6.0
17203,2.5
17204,5.5
17205,5.0
17206,6.0
17207,6.0
17208,6.0
17209,2.0
17210,5.0
17211,3.0
17212,5.5
17213,2.5
17214,3.5
17215,6.0
17216,6.0
17217,3.5
17218,3.5
17219,6.0
17220,5.0
17221,4.0
17222,3.5
17223,4.0
17224,2.5
17225,3.0
17226,6.0
17227,3.5
17228,5.5
17229,2.5
17230,3.5
17231,5.5
17232,5.5
17233,2.5
17234,4.5
17235,2.5
17236,3.5
17237,6.0
17238,4.5
17239,3.0
17240,5.5
17241,4.5
17242,7.0
17243,5.5
17244,3.0
17245,5.0
17246,6.0
17247,4.5
17248,6.0
17249,2.5
17250,3.5
17251,6.0
17252,5.5
17253,4.5
17254,6.0
17255,5.5
17256,6.5
17257,6.0
17258,4.5
17259,6.5
17260,5.0
17261,5.5
17262,5.5
17263,6.0
17264,5.5
17265,5.5
17266,5.0
17267,4.5
17268,6.0
17269,4.5
17270,4.0
17271,5.5
17272,3.0
17273,3.0
17274,5.5
17275,2.5
17276,6.0
17277,5.5
17278,3.5
17279,3.5
17280,4.0
17281,5.5
17282,4.5
17283,5.5
17284,2.0
17285,4.0
17286,6.0
17287,4.0
17288,3.5
17289,6.0
17290,2.5
17291,5.5
17292,6.0
17293,6.0
17294,4.0
17295,5.5
17296,3.0
17297,5.5
17298,4.0
17299,3.5
17300,6.0
17301,5.0
17302,6.0
17303,5.0
17304,5.5
17305,6.0
17306,5.0
17307,3.5
17308,6.0
17309,6.5
17310,4.5
17311,3.0
17312,5.5
17313,5.5
17314,6.0
17315,3.5
17316,6.0
17317,2.5
17318,6.0
17319,6.0
17320,2.5
17321,6.0
17322,5.0
17323,5.0
17324,6.0
17325,6.0
17326,3.5
17327,6.0
17328,6.0
17329,5.0
17330,2.5
17331,5.0
17332,5.5
17333,5.5
17334,6.0
17335,2.5
17336,4.5
17337,5.5
17338,4.0
17339,6.5
17340,2.0
17341,6.0
17342,4.0
17343,5.0
17344,4.5
17345,3.0
